,account_name
0,marlonjr
1,DesignDerpette
2,Prince2yemosky
3,Mqraz
4,gregorymtp
5,angajarivideochat125
6,masajderelaxare1
7,argilaverde27
8,Guesch
9,Alexaly06
10,masinideinchiriat967
11,AndreaRussell
12,hetmansoftware
13,Kodark86
14,seeldoger47s
15,NoreenNoreena
16,It5ane
17,Electrical_Reality
18,SensitiveSimple3
19,VariousTop
20,StraightTangelo
21,Outside_Sea
22,EntireContact
23,HauntingTax
24,SensitiveProfit6
25,Embarrassed_Promise
26,youlovesaraht
27,Fitthrow123
28,garyvanner
29,TimCookz
30,GreeneMachine21
31,Cloutvin
32,blinkbabe18207
33,Benz1975
34,SeatedFiber90992
35,rocketlllplatinum
36,Ryan_Larring
37,FTPAltAccount
38,tykendun
39,Op4HasLocatedAbomb
40,JessicaS181
41,Carrie1965
42,drcjsnell
43,James7xx
44,redbunny23
45,BBvCool
46,Jp93955
47,white-trash-god
48,AncientGlyphs#scammer
49,melvinismad
50,lithiumfarttart
51,Costlytrick
52,MercatorCS
53,cakielicious
54,guitargler
55,XDTRIPLEOG
56,Jtraiinhey#scammer
57,ZilverXZX
58,eyyo_pollo
59,15975312395
60,Omarra2
61,ImmortaITechniquez
62,ZehpyrPro
63,bigdbag
64,Dmaynard83
65,Kodark86
66,danear
67,Syntackz
68,overlappedio
69,Tduhon07
70,angel1456
71,FrankieChelsea
72,Dylanier
73,marlonjr
74,cloudy-mind
75,Donovanlancome
76,coconutbiatch
77,kymand
78,peterthestalker
79,NevermoreTheSF
80,fisheringillinois
81,pz-ez
82,SavageCabbage27
83,HateCrymes
84,whalebiology
85,Un4tun8ly4U#scammer
86,-StarLust-
87,Alexchop3
88,epicfail1001
89,serter
90,ZetaVektaPrime
91,Droconian
92,seisgalaxias
93,hotshot5006
94,kingdomofprizes
95,Cydax35
96,Marygrace12312
97,herolord34
98,victorinox295
99,erisi121
100,swiftsscuba
101,HYPERZULUL
102,oddwally
103,GrahamElliot
104,No_Entertainment
105,StephanieSickels
106,jacoble2
107,MorganFreemansVoice_
108,MorganFreemansVoice
109,RnjEzspls
110,Moralitas
111,Skung0305
112,xstecky
113,blitze237
114,WhyIsEveryNameTake_N
115,icewizard36
116,MiniCool2123
117,TKHAVIK
118,Harrison1102
119,WillThyPill
120,Staylone93
121,Nutraine
122,codered8186
123,garrison12795
124,pspjpl
125,kingdomofprizes
126,ria-butt
127,klyd33
128,pixled
129,scamproof
130,TodayOnly92
131,TheTechLemon
132,eddyfreedy12345
133,inzanelson
134,i_make_ponies
135,antiepic
136,ec3ial
137,avengersea
138,Towns0912
139,Mama_Baker
140,rocketlllplatinum
141,SeatedFiber1751
142,BlueTeethDrool
143,JemFinnaughty
144,Makalegend
145,bubbabeckham7
146,mosnuk123
147,j4qb3x
148,multichazbo
149,spickracknigg
150,CyberWolfByte
151,_cup_
152,Negevy
153,FIashh101
154,giulioroggero
155,lustofsid
156,EndlessIrony
157,RiptidePlays
158,MovieManiac32118
159,OofDotWav
160,__Revolver__
161,_Answers
162,_drakenbae
163,_Luzardo_
164,_nooU
165,_ReyMonroe_
166,_SinsofYesterday_
167,_Snurps_
168,_znajderw0w
169,-_Vegeta_-
170,-Dynamo-
171,-Editing
172,-firead-
173,-Jordan-
174,-MonteCristo-
175,-WarHounds-
176,-xonar-
177,-znajderw0w
178,0077700
179,0123RedditUser
180,0iccman5
181,0neg33k
182,1_owen
183,10gamesdown
184,10jroeth1
185,117flashpoint
186,123789dftr
187,12AngryRedditors
188,15811581
189,15bakes
190,17BALLIN17
191,19cocaine95
192,1B1T1C1
193,1everdude
194,2cewl4skewl
195,2chainzjlib
196,2turnt111
197,30CC_Of_Hope
198,30clipcartel
199,35Fuckup
200,42ODopeScopez
201,4freetemplate
202,4nu5d357r0y3r
203,56belair
204,5ive_Star
205,5thChapter
206,6anon
207,7Inj3ct3D
208,92331893
209,9988mm
210,9Godzilla
211,a_Carbomb
212,A_Trojan_Horse
213,Abbacoverband
214,abnsvs
215,acetaminophen
216,achmeineye
217,achmeineye
218,AcutePathogen69
219,Adam-Loveren
220,Adam-Tiey
221,Adam12XXXXXX
222,adamlee05
223,Aemilius_Paulus
224,Aeriys
225,affect_labile
226,afgmirmir
227,AfonsoVip
228,AfroRudolphCore
229,Agent_McMuffin
230,agentcocotte
231,aghumon1
232,AgoraOG
233,Aguyinpa81
234,AHGBike12
235,Ahjema
236,ahmadfuad3
237,ahmadsoe
238,airIines
239,airlincs
240,Airtrue
241,ajklsdx
242,Akaiya
243,akjha992
244,al3xrmz
245,Alan6707
246,alculus98
247,ALegitPhoenix
248,alenbai
249,Alerdy
250,alex_giftcard
251,alex_mercer69
252,alfiser
253,alfiser2
254,alfiser3
255,alfiser4
256,alfredinker
257,alfredys
258,alias154
259,AliBaBa20
260,AllyLewis
261,Almost_Hawt
262,Alreck101
263,Alsinker
264,alternativeone1
265,AltonAFC
266,alucardximpure
267,aluna1221
268,alvarez
269,Alwaysthequiet1
270,Am_I_A_Taxidermist
271,AmandaWalsh13
272,amazon_king
273,amazonflipping
274,amazontrade
275,Amd4life
276,amodace
277,amplekin
278,amyd1989
279,Ande0037
280,Anderson-Zinth
281,Anderson656
282,AndrewLord34
283,AndromedA_NA
284,andy1226
285,Andy64216
286,angelina24
287,AngelTheTaco
288,Anno_Saad
289,anonhawk
290,anothermusiclover
291,AntiSocialSocialEngr
292,aokylian
293,apollo137
294,appleache
295,ApplePeasant
296,AppleSwapTestAccount
297,AprilCrandall
298,AprilOnline
299,Apsari
300,archduke_troll
301,arcticfaker
302,ardnev
303,areufckingkiddingme1
304,arius77
305,Arizona_librarian87
306,ArizonaE
307,armyofdrno
308,Artichoke0613
309,artificialsoup
310,artixalpha
311,artofhair
312,Artorias2
313,ascannerdarklyz
314,asdfghjklplmplm
315,ashinatorB
316,ashley_s92
317,Askreka
318,ASleepingMonkey
319,ATLalienEnt30
320,atminside
321,atomiczx2
322,atonementfish
323,ATruePeiceOfShit
324,Atticarch
325,Auditorkeener
326,Audocidy
327,AugmentedMind78
328,Aussie_Golfer
329,autcspamfighter
330,authrandom
331,AutoModerator
332,Avtorizacija
333,Awesomeness1290
334,Awksquid
335,axe864
336,axman207
337,aydr33
338,ayeroflmao
339,ayylmao2dongerbot-v2
340,Azarenka24
341,Azmodan72851
342,azp9017
343,b_low_brown
344,B-Legend760
345,baauce
346,babybopp
347,babysmacker
348,BaccaSlacka
349,BacerST
350,Bachano
351,BadgeCapital
352,Badger4321
353,BadgerCapitaI
354,badillin
355,badlytimedexec
356,badsarcasmdetector
357,BaffledAudio
358,bagelish
359,baihol
360,Bajantechnician
361,bakkuman
362,Baku219
363,ballings0hard1
364,balsart
365,bamy1990
366,bananko7
367,bannaman828
368,banoor
369,BarbieOnDrugs
370,bassagent
371,bastardohl
372,Bastcn5
373,Battleshiprow33
374,BayouGamer
375,bcarlzson
376,bdangles
377,Beacholar
378,BeadyAnteater
379,BeaverandtheMoose
380,Beaverknightlyknight
381,beckermound
382,beckshl
383,BecRando
384,beeassj
385,beejetastic
386,BeeRando
387,behaedd
388,Belaceron
389,bellababy1
390,bencakir
391,benDAmin
392,Bennycp
393,berguno
394,BerkeleyAds
395,BestBeCIownin
396,bestprankstereve
397,bett3r
398,beyonce9481
399,BG_20isgay
400,bG90
401,bgdlite
402,bIammelton
403,bIazefiire
404,bicas19991
405,bigbadj3
406,bigjohnshog
407,BigSapo6O2
408,BigShaqAltaAsznee
409,billopen
410,binarypurge
411,Bing0_
412,BishopPlease
413,bitcrusherrr
414,Bitspaced
415,bizzyq
416,Bkarm7209
417,BlackLegSanji34
418,BlackOpsG
419,bladedanc
420,blake153
421,Blammelt0n
422,bLinKxzx
423,Blizzkill2
424,bltn_eh
425,bluebearsayshi
426,bluecoloerdjellybean
427,BlueHammock
428,BlueIsNotCool
429,bluelighter
430,Bluemixed
431,blueshockey_1991
432,BlueTwist3r
433,Bluez04
434,BLUNT_LOVE_DOCTOR
435,blupill
436,bmaut1991
437,bmmbmbbm
438,Boati27
439,boatie27
440,bobroland
441,BoDallasTX
442,Bogan12
443,bojigga
444,boman123
445,Bonafy
446,bongostrategy
447,BonsaiGrower3
448,bookbottle
449,Born70
450,Bossman2302
451,Bossman759
452,BottomFe
453,boumerdes
454,BrahimianRhapsody
455,braliker
456,Brendanvfhtx
457,Brian1804
458,Brianpepz
459,bringbackjosh
460,bringme2life
461,britshkiller
462,brkee
463,brknthelaw
464,BroadsInATIANTA
465,brokcmembcr
466,brokcmember
467,brokemembcr
468,brokemenber
469,brokernember
470,BrooklynStig
471,Brophs
472,Brotom5
473,brotom8
474,Brownbearie
475,brownbearie3
476,brudagon
477,BSZibn
478,BTCKING_IB
479,bucks121212
480,buildoman
481,bunearite
482,BurritoFurniture
483,BurritoPadre
484,bustyblondcfromimqur
485,busypappa87
486,BUTTFUCKING_MARMOTS
487,buttlickermmm
488,bycisnet
489,byHLA
490,c0ll_
491,c0lllin
492,c0wgoquack
493,CA_scientist
494,ca4evar
495,cabbagepatch00
496,Caeyden
497,CaitlynUltedMLK
498,CaliSweepcr310
499,CalmingTingles
500,CalPanda
501,CalvinGFX
502,CalvinJohnson81Fan
503,cam_wow
504,CamisRank1
505,CamoHiddenDJ
506,CampbellHS
507,Camster9000
508,Canaadriane
509,Canadanumba1
510,canadasfinestman
511,canadianinneed
512,CanardConfit
513,CantHearYouBot
514,carlob0ji
515,Carloneus
516,Carlos_jc19
517,CarnageTheCreator
518,carol2500
519,carol2500Alt
520,carson3000
521,CaryGrantLives
522,caseykeenum
523,CasioPawa
524,CasperTV
525,Castiel_the_Angel
526,cat_from_hell
527,Cat_Mayor
528,Cat_Mayorz
529,Catastraphy
530,catfancy11
531,cathilarie
532,Cats_on_Deck
533,cawos
534,CDC_
535,cdog0425
536,CDOG0523
537,ceburentacar
538,cedriclsawesome
539,cedrlcisawesome
540,celph_certified
541,celticfanboy20
542,CFOPhllPostYourBook
543,ChaesSpace
544,Chainlord
545,chairDesk692
546,ChamackhsUglyHaircut
547,ChamakhsUgIyHaircut
548,ChamakhsUglyHaiircut
549,ChamakhsUglyHaireut
550,ChamakhsUglyHairout
551,ChamakhsUqlyHaircut
552,ChamakhsUqlyHaireut
553,ChamakhUglyHaircut
554,ChamaksUglyHairrcut
555,chambervape
556,chaosgone
557,ChAoTiC_ChOrD
558,charm
559,chauvinistpigger
560,CheapSkinsman
561,cheeesecakeee
562,CheeseCast
563,cherriesvegetables
564,Chevy888
565,chickencups
566,ChillyMcChillson
567,chinglard
568,Chinne
569,ChipmanChapman
570,chobomaniac
571,chocobladezed
572,chocoloco98
573,choughtacos
574,Chris-Lemon
575,Chriscars18
576,chrismo1233
577,ChristabelClemence
578,ChronoVenom
579,Churlish
580,ChxrlieeB
581,ClarityKeep
582,ClarkEnt420
583,clester96
584,cletchvolatile
585,clivemaxwell
586,CloneClasher
587,Cmallory218
588,Cmallory92
589,Cobayo
590,codes1234
591,CodyDavidson
592,CoffeeMugDude
593,Coffins_Nail
594,coin_seller
595,Coinfam6
596,ColeH2117
597,Collations
598,collectorthis
599,collegestudies101
600,CommitCrimes
601,Compecomp
602,conMS
603,Cookiemonster52
604,coolj5
605,corajeanss
606,Corepfk
607,coreyzard
608,correcthorse45
609,cortin69
610,coruscant1
611,corvenzo
612,cpadawg
613,CptPerfect
614,cpugpuhelp
615,cqdarm
616,cqdarm
617,Craftistic
618,crammywizard
619,CrazyAssCracker
620,cruzstyIe
621,Crypto_Enthusiast
622,Crypto2Coin
623,cryptoknite
624,Cryptophagist
625,Csbeast11
626,CSGlobalOatmeal
627,CSGO-Coach
628,csgobusiness
629,CSGOFailure
630,csgomw123
631,cspence4364
632,csuliIdude
633,Cthulhu_Junior
634,Cuerv0s
635,Cuntoismynameo
636,cuntymcgee
637,cupcakes70
638,Curlsandknives
639,Curryboyhf
640,curvycumslutgf
641,cusar
642,CutelilNugget
643,CwazyStomper
644,cyber00001
645,Cyberlnferno
646,CYCOABHI
647,CykaStrike
648,cylcopp
649,CYOA_With_Hitler
650,CypherBot
651,D_Osbn
652,D3ltaforce
653,d3ltaforce13654
654,D4rake_Ju5t1n
655,dabaseqawd
656,DADDYZANE
657,Daecus
658,dagr8kahli
659,dah020
660,DahmerNosePizza
661,Daichini
662,DaiMahJai
663,Daithe
664,Dakillerclown87
665,dalala
666,DallasCowboysRomo
667,damca
668,dametamus
669,damonmckayadkins
670,dance_josh_dance
671,danielclovers
672,Dann474
673,Dannnnnnnnnnny
674,Dannnnnnnnnny
675,DannyCrispim
676,dantheman18OO
677,dantob
678,Dapner
679,DappcrFisticuffs
680,DapperFistcuffs
681,DarkCalbrith
682,darkdev015
683,Darkillusions27
684,Darkluber
685,darkmagiciankitty
686,DarkXzYph3R
687,darrenisawesome
688,darshan2801
689,DaryCR
690,Dash_x
691,dasowani
692,datad0
693,DaVarsity
694,daveyman12
695,daveyman123
696,daveyman1234
697,david_bernal
698,Davidlee598
699,DavidScharwz
700,davidthelee
701,davidwilson351
702,Davisthepro7
703,dayday2466
704,DaySales
705,dayZFree01
706,dcmeight
707,Dcwain09
708,ddkotan
709,Ddonegan
710,de_vertigo
711,De3ertf0x
712,Deadairshow
713,Deadfonseca
714,DeathBlade011
715,debeever
716,Deceivingly
717,Deckerz
718,declinemax
719,DeeDeeUno
720,deejay1
721,deethree3
722,deeveeance
723,degina
724,dejectedrocket
725,Delicate-Pua
726,delta13654
727,DeltaDerp
728,deltaforce13654
729,demboo
730,demonk1ller10
731,denezisback
732,dengys
733,denkabeiby
734,Denoa
735,Depector
736,depnetworks
737,derbzz
738,derekaspringer
739,DerekFuckingForeal
740,derpmikeyt
741,derpyblaze
742,desaerun
743,Desjardin
744,deskpanda
745,desktop_monster
746,DespairGaming
747,desperate22
748,dessie5sf
749,Destiny315
750,destinygamer1997
751,destoret_
752,Destroyer415
753,DestructCube
754,Detair
755,Detiled
756,Deviant-DM
757,deviltamer
758,devito44
759,DevolaAndPopola
760,devonodev
761,DewainO9
762,Dewaln09
763,Dewfus10
764,Dewipadi
765,Dexter478
766,Dexus3
767,Deymark
768,Deymark123
769,dfresh012
770,dgdgsdgd
771,DGov24
772,Dhammers7
773,DHassl512
774,Dibbyjeb
775,dickinyerhole
776,dickwaddd
777,DieReiter
778,digitalsong
779,DigitalWffls
780,dilixel
781,dilonk
782,dimara96
783,Dimariwin1218
784,dimsic96
785,dingdongdangles
786,dingledorph
787,Dingleking
788,Dinozaur92
789,Dio-Joestar
790,Dioga7gg
791,direblack
792,DirectBoii
793,DirectImageLinkerBot
794,Dirty_Dan_Twerk_Team
795,Dirtylogan
796,DisenfranchisedAunt
797,DisenfranchisedAunt
798,DisgruntledDalaiLama
799,displaybreads
800,Dissolotus
801,Distractlon
802,dive-n-dosh
803,Divinitive
804,DJ8819
805,djamil-dega
806,Djamp87
807,djlee1
808,Djn7sEeVEDr7D
809,DjPara96
810,djuhen
811,dkim1106
812,dkim324
813,dkwsj
814,DLil
815,dlishanskiy
816,dlnsmith
817,Dlostunna
818,dltalbert84
819,dlu2012
820,dman593
821,dnb_gaming
822,dnutzz
823,doctorspooge
824,documint
825,dodohehe123
826,Doesthisunithaveasol
827,DogEats
828,DogeGifts
829,dogemoonlanding
830,DogexTrader
831,dogfishmong
832,DoggyIAMA
833,Dogrin17
834,DolceDolce
835,dometron
836,domex7894
837,Domicuc
838,dominatrixdelilah
839,dominik317
840,dominikque
841,domoanonimo
842,Donation_
843,Donotmatteraway
844,Dont_Upvote_This_thx
845,dontcallmebrobro
846,Dontgetscooped
847,DontQQSoMuch
848,Doobfritter
849,DoodleDroid
850,dooma95
851,doombird1
852,DoomLexus
853,dooone
854,dopain
855,dopenerd420
856,Dophubao
857,dorkynico
858,dosmexicanos
859,DotCal
860,DoubleliftFanboy10
861,DoubleUGES
862,dov2005
863,Dovahkiin007
864,DowlsDota
865,downtownwinnipeg1
866,dphalcon
867,dplatz7400
868,Dr_Rape
869,dr_vegapunk
870,Dr3go231
871,Drackius
872,DracoMeteor-93
873,Draculus
874,drago2n
875,dragon994
876,dragonpocky
877,Dragonrine
878,dragonsczech
879,DragoonPwn
880,dragtns
881,drakeflaem
882,drakenbae
883,Drandall85
884,dravebn
885,draxema
886,DrcadMcLaren
887,drchoi21
888,DrCockter
889,dreamlondon
890,Dreamville45
891,Dreimos
892,DrewPecack
893,drexux
894,DrhorribleWoW
895,Drhusein
896,drivenbyartCSGO
897,DrivePower
898,driw
899,driximity
900,Drkhazix
901,drlule
902,Drmrdrdude
903,DrNice1
904,drolierem
905,DropDead_Slayer
906,DropshotOstrich
907,DrunkNinjaRobot
908,drunkredncek2
909,DrunkRendeck2
910,Druxe0
911,drvnkredneck2
912,DSA798
913,dsdaccess
914,dsilv121
915,DSTxtcy
916,DTfan1985
917,Dtin30
918,dtpstarbucks
919,Dual13
920,ducheringez
921,Duckernaut
922,duckofwoIfstreet
923,Dudecjl2
924,dudemcplenty
925,DudeShift
926,dudgeondarkened
927,dukereuchre
928,dumbo31515
929,dunkekyt
930,Dunkey_quotes
931,dunkeykong
932,duongnd
933,dustinj593
934,dustinwilliams16
935,dustyhouseplant
936,dutchmasterbob
937,Duxup11
938,duz32
939,dvirosh
940,dvl2014
941,dwats32
942,dwiceintwain
943,dwilon6mile
944,DXM765
945,Dxrect
946,dydst
947,dylanp0wnz
948,DynamicDyl
949,Dynamics21
950,DyricL
951,DzhK
952,e12342
953,E1ghtBitt
954,eagledeagle
955,eaglemike
956,eagleownage
957,eagles-madden-mobile
958,EAGLESWhit
959,Ealoffer
960,earthybob123
961,eastscarz
962,easycig
963,eat_pb
964,EatAssOnSecondDate
965,eatmyshorts2
966,ebaydude
967,Ebinana
968,ebonikz
969,eclipse98
970,econterrorist
971,eCyler
972,ed321
973,eddiepeterson12
974,Eddy_Freedy
975,Eddy_Freedy143
976,EddyFreedy_YT
977,EdgyPie
978,edivez
979,Edward2867
980,edwardstreiff
981,Eeevanbro
982,Eeveeangel
983,efairy
984,eff1
985,effycute
986,Efgar
987,efraim1988
988,eghekings
989,egiftman
990,EGJW
991,eHate09
992,ehhwic
993,Ehwic
994,ehwiic
995,eightslicesofpie
996,einsteinpr
997,Eira
998,Ekard8
999,EKB1610
1000,EkkoIsBalancedKappa
1001,EKUSUCALIBA
1002,El-LLamador
1003,eladic19
1004,Elan-Morin
1005,Elcaputo21
1006,Elcoco69
1007,elcrazycat
1008,Electrix17
1009,ElectroFlannelGore
1010,elektropunkk
1011,elephanteIopeacock
1012,ElevatedSoldier
1013,elevation303
1014,elijahshack
1015,eliorah
1016,Elitecdot
1017,elitekaoss
1018,ellabax
1019,elliasv
1020,elliosenor
1021,eloyma99
1022,Elprawn
1023,elsilvs
1024,elsilvs33
1025,Elucin8er
1026,elwell23m
1027,emanuelugoteNz
1028,emanzo263
1029,Embeddeds
1030,emdawg1994
1031,emireeffect
1032,Emiskittlez
1033,emlieber
1034,EmmaAvent
1035,emmanuelbenny
1036,Emthwar
1037,endrex
1038,EnergeticR
1039,engelbertgal
1040,engse7s
1041,ENicklas0630
1042,eniigma111
1043,enjaydee52
1044,enoch-emery
1045,enric1010
1046,Epicalegion
1047,EpicWinAgain
1048,epzouf
1049,eqos1234
1050,Eqv_
1051,eracus
1052,erer566
1053,Eric_Streb
1054,ericdjobs
1055,ericdjobs420
1056,ericgold
1057,ericvasel
1058,Ericzander
1059,eRKoo
1060,Erma20
1061,ernere
1062,ernerere
1063,ernestazee
1064,ernestyeoyx2
1065,Erniebgpvm
1066,erpown3
1067,ErrantHand
1068,Erratic5K
1069,errmorganstar
1070,Erroon
1071,Eskomo
1072,eskwhy
1073,esperlord
1074,esplonky
1075,estewenson
1076,eswar97
1077,eswarking
1078,ETC1337
1079,Etenks
1080,ethirtym
1081,Eugen134
1082,eugenevorld
1083,EULCS_is_BR_Silver
1084,EuphoriaInducedComa
1085,europe15
1086,eustass_kidd
1087,Evan2002
1088,evankirk
1089,EvaWoody
1090,EverybodySpurs
1091,everydayrice
1092,EverythingJuicy
1093,evilbowserboy
1094,EvilemX8
1095,EvokePhantox
1096,evolk1394
1097,Evynezy
1098,eWhores
1099,ExarOmega
1100,Exciter1703
1101,exiletemper
1102,exitdaemon
1103,ExpectedFactorialBot
1104,Expenti
1105,explaingo
1106,ExplosionHound
1107,extazor
1108,EyeAmTheBatman
1109,EyeOfTheDog
1110,EyezikMichael
1111,eyo21
1112,Ezio777
1113,eznuke
1114,EZTrade7
1115,F001IO
1116,faaipdeoiad5l
1117,faceforest
1118,facialfanatic69
1119,FaIIenPrecursor
1120,faintz
1121,Fairyxoxo
1122,faisal1331
1123,faizy11
1124,FakePriest
1125,Falcon_xX
1126,falconfan101
1127,FallenPig
1128,FallsCandy
1129,Falsel512
1130,falserealitymusic
1131,Famecrew
1132,famousie
1133,fancyladyy
1134,FanDuel2
1135,fantasticflembo128
1136,fapegifs
1137,fapegiifs
1138,FappyChan
1139,FappyFappingtonx
1140,FaptainObviously
1141,farfromheaven07
1142,Farhanhamed
1143,Farydeath
1144,Fascd2
1145,fastexchanger
1146,Fatalysm
1147,fatod
1148,fattboy725
1149,Favory
1150,Fayed-Lover
1151,FaZe_Baller
1152,FazeChair
1153,fazzer37
1154,fc192a9c
1155,FCGKratos
1156,fckyouscammers
1157,fearlord1
1158,fearthepanthers
1159,feelssogood96
1160,Feenix99
1161,feggeace
1162,FelicisAstrum
1163,felips
1164,Felirami
1165,FelixKnappen
1166,felkrud
1167,Felkurius
1168,Felveus
1169,FemDwarf
1170,fennichase
1171,FeNNoMeNa
1172,ferg0d
1173,ferganer
1174,FerralSwine
1175,Fever2006
1176,fgsa
1177,FiddleBoDiddle
1178,Fifa16player
1179,FightasticMG
1180,Fil_123
1181,finaldomain
1182,FinnishBay
1183,fir3range
1184,fireball999
1185,Firecle
1186,Firefalcon99
1187,Fireflame30056
1188,FireIke
1189,fireman9iner
1190,firepinecone
1191,Firmino11
1192,First_Time_Baker
1193,FirstArmada
1194,fisherjoshuah
1195,fisherman32
1196,Fisihering
1197,fistweavedyourmom
1198,Fite_me_bitch
1199,FiveDollarCards
1200,FixmeZ
1201,fjcontwk
1202,FKIT_BAYLIFE
1203,Fknpro
1204,flaappycakes
1205,flabago
1206,flailingattheplate
1207,Flam3Shotz
1208,flamedblaze0
1209,Flamelexx
1210,flamemachinepro
1211,FlameSticky
1212,FlameTheName
1213,FlamTiger
1214,Flanvie
1215,flasypasy
1216,FlatbushOZ
1217,Flavio92
1218,Flawlesstester
1219,fleckens
1220,fleebleflobble
1221,Fleet_Admiral_Chris
1222,FLEX1
1223,flexnation
1224,FlippersMC
1225,flobamamama
1226,Flojani
1227,flowerboy62
1228,flowerboy63
1229,fluffball13
1230,fluffyang24
1231,flufon
1232,fluke198
1233,FluxxLf
1234,flwrichld77
1235,FlyEaglesFly18
1236,FlyHighAMA
1237,Fnorx13
1238,FolesD
1239,foodguyreddit
1240,Foredeckman
1241,ForeverGaming2
1242,formuIaxpert
1243,forthewolf10
1244,forzaferrarilv
1245,forzamotorfan11
1246,fosterspice
1247,Fostor
1248,fourtykeks
1249,foxebad
1250,foxSdruvia
1251,FoxtrotElite
1252,fozlayd
1253,fr00tee_throwaway
1254,Fract04
1255,FraggerFrogger
1256,frakendeed
1257,Francesr345
1258,Francis-sama
1259,francomatas
1260,frankie43
1261,frankiefrears
1262,frannyshi
1263,franscerio
1264,Fraxiom
1265,Freakx2001
1266,freddie540
1267,FreddysFearBear
1268,free-willy-
1269,freebee347
1270,FreeBooster100
1271,FreeCodelmao
1272,FreeRefunds
1273,FreestyleRev
1274,freitas9
1275,FrequentComicSans
1276,FridayAfterNext
1277,FriendlyGamingAnon
1278,friendzone12
1279,frizzleblink
1280,frogger5687
1281,FrogMaster49
1282,Froozeh
1283,FrostByte__
1284,FrostStick
1285,FrostyDay
1286,frostyqc
1287,FrostyTheCasual
1288,fruitgoding
1289,FruityMcgruity
1290,fs_looking
1291,fsadasdow
1292,fstefanovski
1293,FuckenNamesLonCunt
1294,funnie17
1295,funnyBad
1296,funwithamanda
1297,Furious_sh
1298,furrawrawr
1299,FuryGamer
1300,fusiongiant
1301,fusslessness
1302,FutureNode
1303,Fuzakenna_
1304,fyi1
1305,G1ngur
1306,g2man10
1307,GA7SH_MAN
1308,GaaraOmega
1309,GalacticFantastic
1310,galaxytr3nd
1311,galexyangel123
1312,GaloreRu1z4n3x
1313,galuf86
1314,GambitWhite
1315,gameboymania
1316,gamecoach12
1317,gamer7098
1318,gamergirlemily
1319,gamerking980
1320,gamermeow
1321,GAMESTOPPing
1322,GandalfTheTroll
1323,GangGangRICH
1324,garbageprince
1325,garciatimothy
1326,garlicointrader
1327,gbalme
1328,gbazell
1329,gbjuno
1330,Gbpacker22
1331,Gbpackers22
1332,Gcards
1333,Gcexchangej
1334,GCMadness
1335,GcnosHK
1336,gcswapper
1337,GCTrader1
1338,gcxfanatic
1339,gcxpro
1340,gcxspo
1341,GCXThrowaway1
1342,GeekChes
1343,GeekedOUT
1344,geminikate539
1345,GeneralStealthG
1346,genericmoves
1347,GenerlcVodka13
1348,GeneticFusion
1349,Gepoko
1350,gepsy
1351,germanred
1352,Gh0stw0lf
1353,Ghostbusta3
1354,ghostfacekilla789
1355,GhostKingFlorida
1356,GhostPoof123
1357,Ghostwave
1358,Gialicious
1359,gibaloo_
1360,gimmedatlucy
1361,gimmethe420money
1362,ginapoppy
1363,GirlsWithNoDad
1364,Girlwithdesertdreams
1365,girlypirate
1366,girzimdat
1367,gitgonline
1368,Givezaway
1369,gjbloom
1370,Gladiator48
1371,GlennBiscuit
1372,Glitch4Fun
1373,glob_squad
1374,GlobalTrash
1375,Globus2
1376,GloriousApplebees
1377,glowlikeitmatters
1378,Gmoney7414
1379,gnappo10
1380,GnarlyNerd
1381,gnif
1382,GnomeSaiyanmane
1383,gnomieowns
1384,Gnoss05
1385,gob-the-magician
1386,Gocelings
1387,GoChasingWaterfalls
1388,god_like_39
1389,godenyook12
1390,godkillbigbang
1391,GogiMuncher
1392,goldandsun
1393,goldendusts
1394,Goldenlocks73
1395,goldie2424
1396,Goldstorms
1397,GonaclGirl
1398,GonenMai
1399,GoNmanne11
1400,goodb0t
1401,goodcash
1402,goodfelow
1403,GoodLuchaThing
1404,Goodnessbrah
1405,Goof_tv
1406,goofy68881
1407,Google__Panda
1408,GooglePlayGC
1409,GoonLeaderStandingBy
1410,gorealslow
1411,Gorechi
1412,goredsoxdm
1413,gorgeousbuckets
1414,goslink
1415,gosmot
1416,Gostosh
1417,gotclackyo
1418,GotDeezNutz
1419,Gothamite01
1420,GOW4
1421,gpewpal
1422,gpratap
1423,gr_g
1424,GrammarCrackers_
1425,GrammarianBot
1426,grandpajenkins
1427,grannydoctor
1428,Grapist509
1429,Gravedancer93
1430,grayfalconn
1431,grayfoxisdumb
1432,Great_Siegmeyer
1433,greatdayndamornin
1434,GreaterLeo
1435,greatness1504
1436,GreckX
1437,greenb0yx100
1438,greenbandit9
1439,greenfiretornado
1440,GreenLanternWalsh
1441,greenme1
1442,greenyoda9
1443,greezy3k
1444,greger75
1445,gregkelly1122
1446,greynuns
1447,grimboj
1448,grimhorror
1449,Grindeddank100
1450,grobar1312
1451,groberts
1452,GrocksMedia
1453,grod46
1454,Ground_score
1455,Growthyo
1456,Gruntsaver13
1457,gruzzlybear
1458,gsoto109
1459,Gta_5_mod_s
1460,gteamdealer
1461,GTXLion
1462,guariforki
1463,guerrero_azteka
1464,guitaristapd
1465,guitarofozz
1466,guitavo77
1467,Gulogomi
1468,Gumble99
1469,gungj
1470,GunnitPlease
1471,Gutsysclete
1472,guycheap
1473,gyurooo
1474,h00tahs
1475,h0lylag
1476,H0noir12
1477,h1z1d00d
1478,H3n1e
1479,habibanoshi
1480,habibiloveu69
1481,Hadobedo
1482,Hagzer
1483,hainz_fur_mainz
1484,HaIoBR
1485,Halcyun
1486,halfblood17
1487,halfcharge
1488,halvey18
1489,HamaTheLlama
1490,handicapparked
1491,hannahhz
1492,hannaka7bi
1493,hanons
1494,hans30603
1495,Hanzel9210
1496,Hao2Pro
1497,hao2reddit
1498,haoit66
1499,haonamnetxinh
1500,haphazardly_
1501,happyb0y
1502,HardBeastt
1503,HardcoredHenry
1504,Hardline69
1505,hardtail29
1506,Hardva
1507,hardwareswapmods
1508,harelori
1509,Haris_Usmani
1510,HarmfulMind
1511,Harrybbb
1512,HarryTheKingOfAmazon
1513,Hasonjr123
1514,hassanfarroq
1515,HatefulMotherfucker
1516,Havicii
1517,Havokxikonx
1518,HawthornFlame
1519,HaXiiT
1520,HaydenHastings
1521,Haygrid
1522,hazard224
1523,hazman117
1524,hcllr4isEr
1525,HDMIPort
1526,Headlineue
1527,Headspace_dot_tk
1528,HealMuch
1529,Healthdrink
1530,hearmyside
1531,hearstcollegestudent
1532,Heartless141
1533,HEATC4
1534,heath1956
1535,heavencanthelpmenow
1536,Heavii
1537,Hechtroll
1538,heIlr4isEr
1539,Heinus
1540,Heisenbergerking
1541,hektor841
1542,HelemRocks
1543,helensmithdesigns
1544,HeliosHype
1545,Heliosrichie
1546,helIr4sEr
1547,Helixc0de
1548,hellab0ve
1549,Hellgv
1550,hellivioze
1551,hellking31
1552,hellofuckingworld
1553,Hellohi1995
1554,hellokitkatty
1555,hellomushimushi
1556,HelloWorldIAmMe
1557,Help_1155
1558,Heltr_Skeltr
1559,hendrix98
1560,henryjackson2772
1561,Henrytheman
1562,herbsherbert
1563,herculeshere
1564,HereFishy28
1565,Herefishygamer
1566,Heretotradeyo
1567,Hesoverhere
1568,HeWhoCorrectsGrammar
1569,hexairidium
1570,heyfam
1571,heyits_poky
1572,heylook0verthere
1573,heywhatsupasdf
1574,HFAnonymous
1575,HFKoKoOo
1576,hgslyde
1577,HHHstan
1578,hhuang2113
1579,Hi_Im_Girth_Brooks
1580,hi_im_sushi
1581,hiata
1582,hiddenwarrior
1583,Hideoussss
1584,Higher7721
1585,Higherpockets
1586,HighRabbit200
1587,hiIIsonn
1588,HiimBaw
1589,Hikki754267G
1590,hildeaux
1591,hiphopbunnyfoofoo
1592,hiso167
1593,HitlersGrandson22
1594,HiWorldHi
1595,hjk99
1596,HK_ZOMBiiE
1597,hlipce
1598,hmanremix
1599,hmanremix2
1600,hnlu78
1601,hoale5923
1602,hojunjie1
1603,holaquetal12
1604,holyass01
1605,holyghost2
1606,holynova1975
1607,holzeramit2504
1608,Homeoftheben
1609,honaent
1610,honestbusinessman
1611,HONEYBADGER555
1612,honeyholeyum
1613,hood1e
1614,hoodrich0
1615,horrorshowrad10
1616,horseseller
1617,Hostilefastmover
1618,HOT_CHOCOLATEs
1619,HotBehind
1620,HouseOfMeows
1621,HoustonOperator
1622,How_Does_One_Alcohol
1623,howardmurdock
1624,HowdyToAll
1625,Howflyami
1626,howisthisanamelol
1627,howoldwasshe
1628,howsthatmyham
1629,howyesnoo
1630,Hprondel
1631,hrhi1592
1632,hrishikesh12
1633,HRIX
1634,hrudka
1635,hsbaby
1636,Hstrike
1637,hswapmodisliar
1638,huccixd
1639,huckfaters
1640,Huge_Hammers
1641,Humazoid
1642,humperflumper
1643,HunterBeckham
1644,HunterbuildsPC
1645,HunterVzP
1646,hurgleface
1647,hurricanelake
1648,husajaw
1649,hussien665
1650,husttler7
1651,huytrangaming
1652,hyanreybourn
1653,Hybreedal
1654,HybridHawke
1655,HydroxV2
1656,Hyltn
1657,hype3rion
1658,HyperKS
1659,I_AM_A_PIRATE_AMA
1660,I_AM_A_SWORD
1661,i_am_ko
1662,i_amHe
1663,I_eat_giraffes
1664,I_EAT_HOTSAUCE
1665,I_Hate_Starbucks
1666,I_like_owls
1667,I_LOVE_POTATOES_YO
1668,I-_-p
1669,I-diot
1670,I2ipjaw
1671,I3rother
1672,i74790k11
1673,IAM_A_GIRL_BTW
1674,Iam96
1675,iamamacro
1676,IAmBBBB
1677,iAmDecibolt
1678,Iamdogcoins
1679,IamFrench_
1680,iamfunky
1681,IAmGorlomi
1682,iamlouismiguel
1683,iammikeware
1684,iamnotadowner
1685,Iamscammer
1686,Iamsmallfaggot
1687,iamthedank
1688,iamwill3292
1689,Iardasspsycho
1690,iBajan
1691,ibby1kanobi
1692,IcantbeSEEN
1693,iCbuffs
1694,Icedude27
1695,icetcka
1696,Icuras_II
1697,icy_infusion
1698,iDewBerrYz
1699,IDFakeThatCS
1700,IDFakeThatCSRep
1701,Idlekiller13654
1702,IEat5yearOlds
1703,iFlup
1704,ifranzy
1705,ifuhadazuneihate
1706,IFuKung
1707,igetb0red
1708,IggyBells
1709,igobywill
1710,igotbannedoffthissub
1711,iGotiTunesCards
1712,Ihatebob123
1713,ihatebob1234
1714,ihatebub123
1715,ihatepandas
1716,iHATEskool
1717,Ihaveaukalele
1718,ihopeyourhappyy
1719,IHutAlot9
1720,ihypocryt
1721,IinkandIuke
1722,Iinkandluke
1723,IISwiftII
1724,iixandmanx
1725,Ijustneedtosellthis
1726,ikasuki
1727,ikbenclen
1728,ikikwe
1729,Ikkie459
1730,iknowhim2017
1731,ikosti
1732,Ikouze
1733,Ikouze
1734,ilikecake3
1735,iLikeToSleepAllDay
1736,Ill-OHM-inati
1737,illuminati0nn
1738,ilovcsojulee
1739,ilovebaconbits
1740,ilovecersei22
1741,ILoveChiggen
1742,iLoveiOS8
1743,iLovePlayinPC
1744,ILoveReksai
1745,Iluvmoniez
1746,Im_Jerry
1747,Im_Thaaaaat_Guy
1748,im_the_janitor
1749,im_too_HM02
1750,ImaDoughnut
1751,imafriend123
1752,image_linker_bot
1753,ImaginePvP
1754,Imamuthafucka
1755,imanelder123
1756,imaninceltwo
1757,imanollew
1758,ImAPro80
1759,ImAPro90
1760,imarios
1761,imbedderdan
1762,ImBojo
1763,Imboredxd
1764,imbran
1765,imCaptdan
1766,imguralbumbot
1767,immaanuel
1768,ImmFlameZ
1769,ImmortalMewtwo
1770,imnotalurker
1771,Imnotroyal
1772,iMohammad
1773,imouto_paradise
1774,Impluere
1775,ImprudentLemon6
1776,imSaint
1777,imsimplee
1778,imstock
1779,ImSuperFuckingBaked
1780,Imthebest4563
1781,Imtheother
1782,imupgrading
1783,imvirtual
1784,ImXedis
1785,imyoum
1786,ImZanga
1787,inb4ethan
1788,inc0gniteaux
1789,Incredigasmic
1790,indesk
1791,indiana07
1792,Indica_Joe
1793,IndigoBeard
1794,Indirect_Penetration
1795,InebriatedFun
1796,ineedwaffles1
1797,INEVERWINLOL
1798,InfectedxZombie
1799,infested999
1800,Infidelitees
1801,Infiidel
1802,infinitepars
1803,infinitespin
1804,InfiniteSynteX
1805,infinity528isfucked
1806,InfurnoHD
1807,InfusionTM
1808,IngeniousWays
1809,IngeniumX
1810,Inhighterms
1811,iNicksanLOL
1812,Ininsicken
1813,InjusticeBoy
1814,Innocent_Cuplrit
1815,InquisitiveBoner
1816,insaindon
1817,Insert-coins4sex
1818,insertnamehere987
1819,InsertShiftHere
1820,insertshifthere4
1821,Insidt
1822,instantnoodles13
1823,InstinctsM
1824,inthenameofsuffering
1825,intothewild
1826,intricatexlady
1827,Introvoyz
1828,Inv_sible
1829,invasionsquad
1830,invmini
1831,iobgtanuki
1832,IOccupyYourMom
1833,Ion24
1834,ionut121
1835,Iosnowore-Kun
1836,IPAfunds
1837,ipal3000
1838,Ipandavi
1839,iParamount
1840,iphone4Suser
1841,Iphoneisbroken
1842,iphonewsro
1843,iPODinator
1844,IPortalI
1845,iReckScrubs
1846,IRelax
1847,Irmorocks
1848,ironmaiden9
1849,Irontrial22
1850,IrrelevantUN
1851,iRyder
1852,isa108
1853,isaithb11
1854,Isawa3183
1855,iSellAGC
1856,ISellXboxLive
1857,ishatvum
1858,ishkabibbel2OOO
1859,ishouldstopsmoking
1860,IsisTaylor23
1861,Islapdonkey
1862,Issouquain97
1863,italianbellaxo
1864,italinese
1865,iTampon_Official
1866,ithelps
1867,ithenev
1868,ItsAIkron
1869,itsali3
1870,ItsArmy
1871,itscharmz
1872,ItsDaIIas
1873,itsdrcats
1874,itshdfrosty
1875,ItsKingGFX
1876,itskrate
1877,ItsMeMario_
1878,itsnaliz
1879,ItsNintendo
1880,itsprofecybitch
1881,itsryyaan
1882,ItsTheKris
1883,itunes_23040
1884,iTunes2567
1885,itwasthewrongway
1886,Itz_Conner
1887,itzdahell
1888,itznow
1889,itzReRun
1890,ITZSNAKE
1891,IU_
1892,iubjaved
1893,IUSEDTOEATPOLES
1894,iv_ory
1895,ivan1905
1896,ivaneldeming
1897,Ivanlee85
1898,ivanunited
1899,ivcango
1900,iVeXaTioNi
1901,Iwantcoinsplz
1902,IWantGoldfish
1903,iwantmesomedmps
1904,IWantOpinions123
1905,IWTFTM
1906,IxtabHF
1907,IXXIV
1908,izza123
1909,izzydile
1910,izzymatic
1911,J-roe
1912,J0k3r-_
1913,j0n22706
1914,JaanusKask
1915,jab24ada
1916,jaber-ahmad
1917,JacekTry
1918,jacked18
1919,jacklasauce
1920,Jackle97
1921,Jackoneal1995
1922,JacobNorwood
1923,jadams10
1924,Jade12345678
1925,JaeDJ
1926,jaewalked
1927,jagroooo
1928,jairmoisesp
1929,jajakek
1930,jak122
1931,JakeFPS
1932,JakeJ5535
1933,jakemaybe
1934,jakesaccount
1935,Jakoul
1936,jaliljones
1937,jamableyt
1938,Jamal317
1939,Jamarcae
1940,JameBeeShark
1941,James_Rawr
1942,james221222
1943,James6171
1944,jamesbargains
1945,JamesFranco4
1946,JamesMartin124
1947,Jamie--Gib
1948,JamisonP25
1949,jamstain
1950,JANASHEEN124
1951,jandikala
1952,Jaports
1953,jared213
1954,Jarjinko
1955,jas0n_a
1956,Jasharland
1957,jasiowroc
1958,Jason25roxxs
1959,JasonBerk
1960,jasonsoldout
1961,jasonyuuk21
1962,Jasroopsingh
1963,Jatbz
1964,jatigamecem
1965,jattari
1966,JavaSur
1967,jay02442
1968,jayda4813
1969,Jayeckz
1970,jayhawk2
1971,JayJaythaAnt
1972,JayLikeThings
1973,jaysizzle90
1974,jaysonk94
1975,jaysuns
1976,JayX615
1977,JayYesBe
1978,jazzeydee
1979,JBearss
1980,Jbperezf
1981,JBZ26
1982,jcabernathy
1983,Jchi97
1984,JCVSAA
1985,JD1047
1986,jdardenss
1987,Jdev95
1988,JDog12244
1989,jdon1218
1990,Jdubbz25
1991,Jebsung
1992,jedijoe9
1993,jedimaster2000
1994,JediNinjah
1995,jeffery2876
1996,jeffreywilfong
1997,jeloopab
1998,jenniferfm
1999,jenniipur
2000,jennm1484
2001,jensen4
2002,jensenrli
2003,Jeranfox1
2004,Jerax222
2005,Jerebear185
2006,jeremyollar
2007,JerseyNo14
2008,jessandrews
2009,JesseYo
2010,jessicacamp1xx
2011,JessicaHottie69
2012,jessyboda_18
2013,JeSuisCecil
2014,Jesus324
2015,JesusIsMyNeighbor
2016,JesuslsMyNeighbor
2017,JesusSAVES12345
2018,Jetech
2019,JetLu9
2020,jettblue
2021,jewishmother69
2022,JFKwasAFK2
2023,jgriffin1393
2024,jhenn3
2025,jhon679
2026,jhonnykelvin
2027,jhourodrigo
2028,jijokthomas
2029,Jillss
2030,JimJam147
2031,jimjamkim
2032,JimJonesin30
2033,jimmydlo14
2034,JimmysJohn
2035,JimmyTheLaugh
2036,JimothyLawrence
2037,jimprijim
2038,JimRan
2039,JimSag23
2040,jinxksz
2041,JiuJitsuGuy108
2042,jjdahm
2043,jjoonn56
2044,jjquadjj
2045,JJTHEMANS
2046,jk47ak
2047,jkl3123
2048,JKNK7
2049,jkol162
2050,jkralj07
2051,jkxs
2052,Jlafo
2053,jlmoreno911
2054,Jmcca
2055,Jmgonesouth
2056,jmh8013
2057,jmiller62
2058,JMoneyGotGuns
2059,Jmre
2060,jnanof
2061,JoakimNilssonx
2062,joannaiczachows
2063,jobget
2064,JockOnHoarses
2065,jockwithglock
2066,JockzOnHoarses
2067,jocon128
2068,joe_plays_bass
2069,Joeannan
2070,JoeBidenBot
2071,JoeGauge
2072,JoelSimmons
2073,Joestar_
2074,joff23vegas
2075,johanro2015
2076,john-wilkes-booth
2077,JohnBolt
2078,JohnDoogerti
2079,JohnFragsHD
2080,johngie02
2081,johnjesse2122
2082,johnmalken
2083,johnmanuele
2084,johnny3215
2085,johnnyalson456
2086,johnnyb41
2087,johnnyjjjj
2088,johnnypowerful
2089,johnnyson45
2090,JohnQZoidbcrg
2091,Johnsson1979
2092,JohnStoner420
2093,Johnthetallguy
2094,jojochiv
2095,JokerEdits
2096,Jokers-
2097,jon227O6
2098,Jonathan8998
2099,jonathanljk
2100,jones1dg
2101,JonPNT
2102,JonSnow-Targaryen
2103,jontanw7
2104,Jorcal108
2105,jordan112311
2106,JordanGKing
2107,Jordanifi
2108,Jordanthren
2109,Jordi_Albers
2110,jorioux
2111,Joseph888222
2112,josephX_x
2113,joshn49
2114,Joshoa16
2115,JoshTheYounger
2116,joshuabaest
2117,Joshuah86
2118,josipkasra
2119,Josmillenaar
2120,JossGill
2121,jossta1017
2122,joule2387
2123,jpaduaFSC
2124,Jperez72
2125,JPetreson
2126,jram0421
2127,jram04211998
2128,jrath03
2129,jrbussard
2130,jrmonagas
2131,Jrof300
2132,JRPGpro
2133,JSchuler99
2134,jshinra
2135,JSlayt
2136,jsmeaze
2137,jsquared150
2138,JtppaTV
2139,jtrade52
2140,jtravers
2141,jttarps
2142,juan_234
2143,Juan41
2144,JudgeJewdy
2145,juggernaut300
2146,JuggernautBoy
2147,juicyb09
2148,Juicyuz
2149,juIia0143
2150,juliansayshi
2151,Julieluvspoms
2152,juliemyers93
2153,juliocesar991
2154,Jumbo19Joe19
2155,JumBum
2156,jumpst21
2157,jumpst22
2158,Junbug2016
2159,Junior_enri
2160,Juniorduds
2161,junjic21
2162,junthan
2163,junttiana
2164,Juris98
2165,JUST_JEW_IT_
2166,just4fun520
2167,Justamaaan
2168,justasmallkid
2169,JustBilly23
2170,justcallmemrhandy
2171,JustDogeIt
2172,justincore15
2173,JustinTea
2174,Justkidding113
2175,justletmebegreat
2176,JustRobPls
2177,JustTypeAlready
2178,JwZ_Tigo
2179,jyh6269
2180,jztfrozen
2181,K3-Dantek
2182,kaffa17cod
2183,Kagnus
2184,kahd1
2185,kaiden1226
2186,kaiden1226
2187,Kailex
2188,KaIN7
2189,kaivaan
2190,kajos200
2191,kakakakukuk
2192,kakamise
2193,kakaoa
2194,kal3885
2195,kalisas
2196,Kalliopi17
2197,kamehazh
2198,kaminari1
2199,kamranhalo
2200,kandimandika
2201,kandyapples24
2202,KaneDeth
2203,kappakappa1
2204,kararub
2205,Kardia640
2206,Kareveth
2207,karimtakouachet
2208,karlxdd
2209,karma_beggar_BOT
2210,KarmaCoinOnReddit
2211,karmaisabitch7
2212,Karnagxpot
2213,Karynlikesgames
2214,karyt56
2215,Kasper1967
2216,katepatton11
2217,Katie8821
2218,Katzuhlki
2219,kauwela-ua
2220,kavita12
2221,KawaiiKelsey
2222,KawaiiMoose
2223,KayaYanar
2224,kayslog
2225,Kazzand
2226,kbnystudio
2227,kccm3
2228,Kcellup
2229,kdenaddme
2230,KDubbFasho
2231,Keemerah
2232,keenanpr55
2233,keevinn1997
2234,kefun1
2235,kefunxp
2236,keijicloud
2237,KeixuTearraven
2238,kekate
2239,kekehua
2240,kekoW
2241,KellyHNash
2242,KelsGaming
2243,Kemikasar
2244,Kemps12
2245,kendirect
2246,kendirect2
2247,Kendrick_lamah
2248,kenjohnson1191
2249,KennethSauerheber
2250,keokl
2251,kerirae
2252,ketochic1
2253,KetoEqualsMeaty
2254,Ketorexia
2255,Keve38
2256,kevin-xie
2257,kevin1790
2258,KevinGarnett2
2259,kevinmarathon2
2260,kevinn1994
2261,Kevinthecuteboy
2262,Keyparadies
2263,kfc-watermelon
2264,kfree187
2265,kgain
2266,kgfftyursyfg
2267,kgpat
2268,khag24
2269,khalilgt
2270,khentiment
2271,khoathanh11
2272,KHsonicdude23
2273,khsu5
2274,Khythh
2275,KiahAma
2276,Kico94
2277,kielbassador
2278,kiesukehonda7
2279,kigamoi
2280,KiidDUuB
2281,kiirk073
2282,kika24
2283,Kikiikikii
2284,Kilburne
2285,killer9712
2286,KillingFactory
2287,Killmilionaire
2288,Killowave
2289,KillSomeBiches
2290,kimsquid132
2291,KING-I-AM
2292,King242330
2293,KingFinesse
2294,KingFrizzle
2295,kingj1222
2296,kinglicke
2297,kinglime
2298,kingloklak
2299,kinglyryan
2300,kingpokemonhater
2301,KingRiesterer
2302,KingSimba97
2303,KingTM19
2304,KingWizardo
2305,kirby_lennox
2306,Kirito153
2307,kittenmilkshake15
2308,Kittymeew
2309,KittysBeFluffin
2310,kivemmuort
2311,kjorsvik
2312,KKravis
2313,klaiiii
2314,Klaytonsfan
2315,KleanIsMe
2316,kljier
2317,kmet15
2318,KnightDX
2319,Knkix
2320,knowledge112
2321,KnuckleBuckler
2322,koalatea21
2323,Koalawesleyy
2324,koced
2325,koconnor2295
2326,Komek4626
2327,komplettCSGO
2328,koolboy5783
2329,korDen
2330,Korean_LeBlanc
2331,korean989
2332,koreansoj
2333,kostasdav
2334,KouhaiSama
2335,koveth
2336,Koxinas
2337,KP8ch
2338,Kprod
2339,krakh3d
2340,krantiz
2341,Kraosis
2342,Krasi
2343,KrisPY97
2344,kritical13
2345,kritical1337
2346,Kronologikk
2347,krypctic52
2348,kskwerl
2349,kstorrs
2350,KSupMan
2351,kufizz
2352,Kunite
2353,kurdsucks
2354,kurej
2355,Kuro07
2356,KuroiMitsukai
2357,KushAce23
2358,KushKoala
2359,kuwayne101
2360,Kvltas
2361,kwong50
2362,kyle_kaotic
2363,kyle_kast
2364,Kyleadam86
2365,kylekorver2126
2366,kyoz
2367,L00SER_
2368,Labarba6659
2369,lackluster333
2370,laffytaffyas
2371,lagann46
2372,Lainchain
2373,lak3108
2374,lakotadlustig
2375,Lamanamanuni
2376,LamarDaviss
2377,Lamasticout
2378,lambsauce27
2379,Lamentz305
2380,landofthepoor
2381,LandoPoo
2382,lanscerkrugger
2383,Larbuddha
2384,lariveredline
2385,larkinwc
2386,Larocko
2387,larry-legend-bird
2388,Larsenpower
2389,laserchaseman
2390,lateforthat
2391,LaughHK
2392,lawjestawxx
2393,Lawrence2389
2394,LawrenceTaylor1971
2395,lawtongc
2396,lawyerman13
2397,laxadazical
2398,layzie1
2399,lazyboy
2400,LazyBrownDog45
2401,lazyturtleman
2402,lbrtnnn
2403,lcarlos2455
2404,lceice
2405,lcftscarguy
2406,lChooseYo
2407,lcstoompa
2408,Leafcart
2409,Learnaccthere
2410,leavcit2
2411,lebellion
2412,lechoesl
2413,leet455
2414,LeeWalters1
2415,lefthandedcig
2416,leftshoe18
2417,legalshitthrowaway
2418,legalthrowshitass
2419,LegatusLeo
2420,Legend_HF
2421,legendlol101
2422,legendsc89
2423,Legendsofpast
2424,LegionOfBalloons
2425,Legless-Xen
2426,legohairwoman
2427,leightonward
2428,lelmoza
2429,lelosbanana
2430,LemonCloudx
2431,lemonlymon
2432,Lemzey_
2433,lenovo42
2434,LeockeR
2435,leomfiorito
2436,Leonardo-Deca
2437,LeotheLord
2438,Leporad
2439,Leporcd
2440,letargic
2441,lether31
2442,letscallitluv
2443,Letsrunaway00
2444,Levathian-
2445,LevelPulse
2446,Levis3
2447,lewismufc
2448,lewkiss
2449,lewolfla
2450,lewwi159
2451,lhikary
2452,licoricegirl
2453,life2EZ
2454,lifeisfunandgood
2455,lifemalfunction
2456,LifePotFarmer
2457,lightbomb
2458,LightningU
2459,lightshayde
2460,like_nothing_b4
2461,LikeTurttle
2462,lilabraxas
2463,lilgordypg8
2464,lill40
2465,lilly0291
2466,LilNutStomper
2467,LilSqueeks
2468,lilwane1312
2469,LilWoadie
2470,LilyColbert
2471,lilyroseleigh
2472,lilyyjohnsonnn
2473,limecow
2474,Limen_Tarraia
2475,Lindanguyen2015
2476,Link_ON_Move
2477,linkandlukc
2478,linkendluke
2479,LinkHyruleWarrior
2480,Linkpoop
2481,LinLeyLin
2482,LionZPlayZ
2483,liquicityjr
2484,Liquidationstation
2485,LiroN10
2486,Lisa69lisa
2487,lisabe96
2488,literally-cant
2489,littlealbanian46
2490,LittleFabio
2491,littlest
2492,liuwqf
2493,livingdaylights
2494,LIVINGLEGEND32
2495,lizardking93
2496,Lizzieliz323
2497,llloIIolll
2498,lloveplaylnpc
2499,lmessi95
2500,lnsertUsername
2501,lnspyro
2502,lnternetUser007
2503,loccs831#scammer
2504,lockyourdoor24
2505,LocoVirus
2506,Locques
2507,Locute
2508,LoganB856
2509,logansi
2510,Loganyrftf
2511,logicalseal
2512,logichaxer
2513,lohit123
2514,Lokaso007
2515,Lokaso008
2516,lokicramer
2517,lolhacks
2518,Lolipop12333
2519,lollirot-
2520,LoLMaster6
2521,lolPhizzics
2522,loltjs
2523,LoneDarkX
2524,Lonelytanker
2525,longbattlebow
2526,LoniVanBuni
2527,looker1232
2528,lopertana
2529,LoQtiN
2530,Lord_Dixie
2531,Lord-Montrose
2532,LordArditMan
2533,lordcol1
2534,LordConfirmable
2535,lordloko008
2536,lordmoskri
2537,lordnahte42
2538,LordTaka
2539,lordtrillion
2540,loremipsum14
2541,LosLid
2542,lostintheworld1
2543,loveroffoods
2544,Lowacskasd
2545,LPPalScore
2546,lramos15
2547,lRlElDlDlIlT
2548,lsaihtb11
2549,LScvll
2550,lstant
2551,ltlftw
2552,LtNoobGER
2553,Lu98ish
2554,luca4063
2555,LucaHall
2556,lucas174
2557,Lucasdude
2558,LucasKingRoscoe
2559,LucasScamerello
2560,Lucid_Presence
2561,luckeynumber8
2562,LuckyLeprechaun13
2563,lucy-karter
2564,lucy73
2565,lucybenson
2566,luddw
2567,lukaavl
2568,LukasDK04
2569,LukasDK2
2570,lukasr92
2571,luke_stones4
2572,LukeForPlay
2573,Lukehmate
2574,LukePacalin
2575,luketrinidad12
2576,LukeyThePoopy
2577,Lukledinio
2578,lulzsuck
2579,lulzsuck
2580,Luminousmf
2581,luna_baby
2582,lunaluciferr
2583,lunaluciferr
2584,lurkDerp
2585,lurker153
2586,LurzZ
2587,lustyzombiedinosaurs
2588,luzcenko
2589,lxnt8
2590,LyfeRyce
2591,lyonarlane
2592,lyonarleo
2593,lYuSuKel
2594,m3taphore
2595,M40A3Gaara
2596,m441809
2597,ma999919
2598,Maceux
2599,mach777
2600,macilme
2601,macinerto
2602,mackmi
2603,macknoah
2604,mackwoods11
2605,Mad1331
2606,Mada7
2607,MaddenMafia
2608,MaddenMobile9
2609,Maddenmobiledeals
2610,madgunner0
2611,madman6X
2612,mag1286
2613,Mag1Xx
2614,mag1xxx
2615,MagicalPurple
2616,MagnusGade3
2617,mahoogie
2618,MainDon12
2619,majid1373
2620,majiesto
2621,MajorFUT
2622,MajorPayne01
2623,Maka2h
2624,MakavPaka
2625,Makefreebitcoinsauto
2626,MakeSense2016
2627,makser91
2628,Mal_Fet
2629,malanaman
2630,MalcolmMerlynHF
2631,MaliAlek
2632,malicenfz
2633,mamece2
2634,mammamiamiamia
2635,mamo2k2
2636,man123123
2637,mando2015
2638,MandP9
2639,mani123lol
2640,manik257
2641,Manky321
2642,MANSNEVERBEENIN
2643,mantisrider
2644,mantoka
2645,MaranathaB
2646,maravich22
2647,marcchoover
2648,marcelamarino
2649,marchuo
2650,MarcoBoi
2651,MarDelCity
2652,Marekas
2653,Marin_Jill
2654,Marinac626
2655,Mario_96
2656,Mario15932
2657,mario383
2658,MarioBros1590
2659,MarioLovesYo
2660,markazz530
2661,markbelarde
2662,markcaputo21
2663,Markovk321
2664,markponce12
2665,markrsfan
2666,Markus6987
2667,markush_20
2668,markymark7188
2669,Marluxy
2670,marocdm
2671,maroxe
2672,marre259
2673,marsjmc
2674,MarsssMars
2675,marstalgic
2676,martincoys
2677,martodvo
2678,Marvelousone89
2679,MarvenTheBaked
2680,marxesq
2681,Mashinfoos
2682,maskedsebas
2683,masonlewinski
2684,masonstillmatic
2685,Massacre_62
2686,MassdropBot
2687,masterap
2688,MasterBrando
2689,masterphan123
2690,matadorpt
2691,MatchBox321
2692,MateForMate
2693,mateuszgeisler
2694,Mathiaswut
2695,MathieuFon
2696,Maticore
2697,Matrix_Customz
2698,matt2matpc
2699,matt2mattpe
2700,MattDGTL
2701,MatthausGames
2702,mattspatola
2703,mattyron
2704,Max_Swag
2705,MAX4286
2706,Maxbinetto
2707,maxime8d
2708,maximo310
2709,maximum6
2710,MaximumHell
2711,maximuscervidae
2712,MaxiTaxiTV
2713,Maxmayhemer
2714,maxofsaIt1
2715,maxofsalt
2716,maxofsalt1
2717,MaxSacks
2718,MaxThePlatypus
2719,Maxwell880
2720,Maybeitisonlyus
2721,maypehnlai
2722,mbnhtk
2723,Mboyce32
2724,MBrooksy
2725,mbwq
2726,Mc9f1
2727,mcbogart
2728,mcgrady851
2729,MCKiller308
2730,mcknley
2731,mcmanchild
2732,Mcnkop
2733,MCubb_
2734,MCubb-
2735,mculp
2736,Me-Tea-Master-Bait
2737,Mechanical_Enginerd
2738,mechanical_enginerd1
2739,Mechanodroid
2740,Mechokyx
2741,medogonner
2742,Meechly
2743,MegadarkXD
2744,megafan102
2745,megajuicetin
2746,MegaMcFisty
2747,meganwarren
2748,Megaross
2749,megasloth
2750,megatrondid911
2751,megenes
2752,Mektros
2753,melbewell
2754,melgert
2755,MelonnUHC
2756,memewizard12
2757,Mendelson9
2758,Mental-ist
2759,meowingme1
2760,Meracle007
2761,meraki17
2762,mercedes2015
2763,mercified_rahul
2764,MERCwthAmouth072
2765,Mericaman420
2766,Merlingamer0
2767,merolanick
2768,Metalexzor
2769,MetalMitchell
2770,metalstcve666
2771,metrize
2772,MF_Senz
2773,mfr3sh
2774,mfwaffles
2775,mfxphilipino
2776,MGORS5
2777,mhx3
2778,Miah0523
2779,MiamiFakesCS
2780,miamiop
2781,MicaSheets
2782,mich96692
2783,michaelg888
2784,michaelgarbel
2785,Michaelhs
2786,michaelmolitor
2787,michaelscottttt
2788,MichFazc
2789,MichFaze
2790,michiganfan12
2791,michiru150
2792,micingmice
2793,Mick_Jenkins
2794,mickgaber
2795,Micoo11
2796,Microboost
2797,MicroValley
2798,MidnightFlashX
2799,midnightman13
2800,MidnightStorms_
2801,midnightstriker
2802,mido123mido
2803,MidoriDays
2804,midoui
2805,midvinter
2806,migo604
2807,miguelono
2808,miiilne
2809,Mikadoppler
2810,Mike_Barns
2811,MikeDP123
2812,mikekanbiz
2813,Mikerhodes0829
2814,MikeTheGrass
2815,MikeW710
2816,mikey-_-P
2817,MikeyJayRaymcnd
2818,mikolmike
2819,Mikrodator
2820,MilennialJohn
2821,MilfMan2000
2822,Milijas
2823,milkit1
2824,milkshakesglass
2825,Millerme37
2826,Millesimal
2827,milo109
2828,MilyPFC
2829,MinaNagib
2830,MiniZinogre
2831,minus_manhattan
2832,minuza
2833,mirce_tr
2834,mirinfashion
2835,mirkodemenjamazon
2836,Mirrorreverse
2837,MissBitcoiner
2838,misskinky
2839,MissTrBritSid
2840,mistelin
2841,MisterBurgerFace
2842,MisterCeIery
2843,MisterName
2844,MisterPepsi
2845,Misterpieguy
2846,misterspock5
2847,misteryuvi
2848,MistorCelery
2849,MistressHaruka
2850,mivadr
2851,MizDizocta
2852,mjacobhtown
2853,Mjstcc
2854,MKH_01
2855,Mladen20
2856,mlderty
2857,MLGsnip
2858,Mlosty
2859,mmac1019
2860,Mman922
2861,mmhhkk
2862,mmorpglol33t
2863,Mmselling
2864,mobile_monster_
2865,Mobile_Version
2866,Mobster103
2867,mockingjayzamboni
2868,mocklee
2869,mockus125
2870,MOdsBlowChuncks
2871,mogrenmugro
2872,Mohamedalaffi
2873,Mohkg
2874,Moist_Milkman
2875,moizmahfooz4
2876,Mojchy
2877,mojojojodagreat
2878,Mokiller1
2879,molahabibi
2880,molecularsandwich
2881,mollaigh
2882,mollyinmylean
2883,momo_tree
2884,MomsKitchen
2885,momypants
2886,mon3key8
2887,Monchie
2888,monicavzcn
2889,Monkcp
2890,Monkop
2891,monochroome
2892,monosarchein
2893,monosarchen
2894,MonstyArts
2895,Montego
2896,montez24
2897,MonumentalIdiot
2898,MoonbayTF
2899,moonloco
2900,moosecream
2901,Mordetx
2902,moreuda
2903,morphius01
2904,MosterEmerald
2905,Mosushi
2906,mothramantraMan
2907,MotivateNZ
2908,motorcycle
2909,moultonitis
2910,MovazWasTaken
2911,Moving_Longshot
2912,MozzerallaSticks
2913,MPGH_Foflzjee
2914,Mr_Penguin711
2915,Mr_Wizard4
2916,mr_z06
2917,MrAlester
2918,mrbeckshl
2919,mrbenscience
2920,MrBitty
2921,mrbratz
2922,mrcookietran
2923,mrdarkknlight
2924,MrEinstien
2925,mrfreshswagger
2926,MrGifts
2927,MrGreen97
2928,mrgrimboy
2929,MrHero5
2930,MrHero55
2931,MrHoboJoe317
2932,MrJackDanijel
2933,mrjns1
2934,MrKyso
2935,MrMewNumbor2
2936,MrMowNumber2
2937,MrNipNips
2938,MRoX25
2939,mrpacka
2940,MrPinkSheep
2941,MrPoptart
2942,MrQuixx
2943,MrRiceamony
2944,MrTwcrk247
2945,mrwatsonuk
2946,mrwiskers608
2947,MrZeno
2948,MSIx99
2949,Mstrav
2950,mts267
2951,mtthmmnd
2952,MuduckPC
2953,muffinkittyXOXO
2954,MugzyRae
2955,munchiemike
2956,muncyd
2957,Munkunian
2958,murlocbrup
2959,MuRRizzLe
2960,MuscaDrogata
2961,MusclePharmD
2962,mushroomsyo
2963,Mushubeans
2964,mustalain
2965,Mut_15_minnesota
2966,muthu2006
2967,MutNation
2968,mutsbest24
2969,Mwwa789
2970,MxOAgentJohnson
2971,mxs0
2972,my_droid
2973,mybutts101
2974,mydisgustingthrowy
2975,myene
2976,mylesjack44
2977,MyLifeIsAPartyTrick
2978,MyMomCalledMeSpecial
2979,mynameis-deleted
2980,mynameisjeff08
2981,mynameisnyle
2982,mynamesrei
2983,mypurpletimemachine
2984,myroon5
2985,Myshirtisoff
2986,MythicalDonut
2987,mythrilium
2988,MyTrading
2989,MyUsername6996
2990,mzamo636
2991,MZen
2992,mzvx
2993,n_phish
2994,N30n808
2995,N30NS
2996,N4ml3ss
2997,nabikhan
2998,Nacepenqk
2999,Nadasfan92
3000,Nafiz5517
3001,Naga3456
3002,NagatoPath
3003,Naisicle
3004,Namandhall
3005,namchorios
3006,nameless93
3007,NamelessPie1
3008,nandhugp
3009,Nanoviper
3010,nansndhshbsbdsjjcje
3011,naoto01
3012,Napzor
3013,nAstyTheMonsta
3014,NataliaKurakova
3015,Nateblank
3016,nathanjeffrey1999
3017,natron1979
3018,Natsu1000
3019,Nausical
3020,Nbanee
3021,nbh54
3022,nChristos
3023,NCMan77
3024,ndb2175
3025,ndjsjwjnwnsnxbjwbbxh
3026,necko117
3027,needAbody
3028,NeedAWig
3029,needhelp1222
3030,needpizzahutgiftcard
3031,needrpcashmang
3032,needtowels
3033,negativfeedback
3034,negi980
3035,negipeter
3036,negu4will
3037,neign
3038,neil_is_cool
3039,Neil-Moz
3040,Neithy
3041,nekojosh
3042,Nekot
3043,neku121
3044,nenj
3045,Neonecrox13
3046,neosnottie
3047,NerdwithBeard
3048,nerm2k
3049,Nerv3_
3050,nes4life
3051,NetForce0313
3052,NethersoleeClaude
3053,NetNeutrality12
3054,Network213712
3055,networthnels
3056,Neur0xis
3057,Neverredditthatbook
3058,Neversurrender69
3059,newchipmunk
3060,newhartc
3061,newporttiger
3062,NewReditTrador
3063,NewShaj
3064,newton1WD--
3065,NextInvader
3066,nfasianboy
3067,ngineerasylum
3068,nicebuffalo
3069,nicestarz
3070,Nickg2500
3071,nickklob
3072,nickmillersz
3073,nickperez1285
3074,nicksternub
3075,nicksternubs
3076,NickTheAlMighty
3077,nickyskilz
3078,nico_el_chico
3079,nicolaosq
3080,niggerjones11
3081,niggerstonguemyanus9
3082,NightFall998
3083,Nightfallxxx
3084,nightraich
3085,NightShade21099
3086,Nightshadee
3087,Nighty903
3088,nihilistic_janltor
3089,niickk98
3090,nikasa20
3091,NiKaSeComp
3092,NikiXP
3093,nikkkhil
3094,nikkkr
3095,NILIRO
3096,niloy2013
3097,Nine_Red_Tools
3098,Ninja241
3099,NinjaaKyle
3100,ninjaarab
3101,ninjabunny99
3102,NinjaCoolkid
3103,NinjaHawk07
3104,NintendoFan91
3105,NintendoFanatic1
3106,Nintendotho
3107,Nirad57
3108,nisaka
3109,nishraptor
3110,nitrofusion
3111,NJ4LIfe
3112,NJD1214
3113,nmc971
3114,NNNerdy
3115,NO_Scam_All_Legit
3116,no_sunrise
3117,noah100000
3118,Noahik01
3119,NoahKahin
3120,NoahKnight
3121,NoblerThanYo
3122,noboreo
3123,nocensorshiphardware
3124,NocNocTurneAround
3125,NoFapMonstcr
3126,NoFapMonsterr
3127,Noideaforanamee
3128,NoItIsNotOkay
3129,nokialum
3130,nomadcrypto
3131,nomadlive
3132,NonaDesabel
3133,None
3134,nooblarx
3135,Noobskewlbus
3136,Noobskewlbus
3137,nooty1234
3138,nopay131
3139,normalbeta
3140,NorthernBaker
3141,NorthKorean69
3142,norwegianwoodland
3143,not_dale_gribble
3144,notaredditstalker
3145,notautospamfightersa
3146,Note4
3147,notefun
3148,NotEnufBacon
3149,Notepad999
3150,NotJockz
3151,notnahuel
3152,nottallguyin
3153,notthesausages
3154,NotYourMilkMan
3155,NovianWarrior
3156,novisad
3157,NoWayIn
3158,nromil
3159,nsfwthrwawayy
3160,nskidder
3161,nsnsndnbsbabbwbs
3162,nsusudio
3163,ntinos2
3164,NuclearDestro
3165,NuclearsJesusMan
3166,nudebuddha
3167,NudgeMeApp
3168,null1234
3169,Nun99
3170,nurkobih
3171,Nuttyness68
3172,nutyo
3173,nvde
3174,Nvmbro
3175,Nvrkishvrk
3176,nwoown
3177,NXTDj
3178,Nyreo
3179,NyxTheDarkness
3180,nyy24
3181,OathOfCreed
3182,ObamaFalure
3183,obamaoryomama
3184,obb609
3185,Obey501
3186,ObeyTheOP
3187,obiwan1227
3188,OBJ13JR
3189,Obrienn86
3190,obstruct
3191,Obtaurian
3192,obviousbearfucker
3193,OccasionallyPerfect
3194,oDARKSTARo
3195,Odell13Beckham
3196,OdinValk
3197,ofcrazed
3198,OfficalTickleFighter
3199,Official_iTampon
3200,officialfh
3201,officialmavs
3202,OFlickerzzz
3203,OG_Toasty
3204,ogcujme
3205,Ogrewax
3206,OGvanni
3207,ohlordoctapus
3208,ohpee8
3209,Oinominavel
3210,ojojojom
3211,Okanagancryptogroup
3212,okdanasrsly
3213,okey_okey
3214,Okiki3
3215,olbie67
3216,Olclwarrior
3217,OlDirtyBastardz
3218,Olegradysyuk
3219,OleJohnnyK
3220,oliverqueen567
3221,olocow1
3222,om4898
3223,omarirevolution
3224,OMEGA__AS_FUCK
3225,omgitsfletch
3226,OMGitsYeezy
3227,omicron_IL
3228,omnimoni
3229,on247me
3230,onajjar16
3231,onelittlemuffin
3232,onenonly98
3233,onep21gigawatts
3234,Oneshotmeh
3235,onesky
3236,onesky89
3237,Onizuka76
3238,Only-Lics
3239,onlyDRIZZY
3240,OnlyHereForYo
3241,OnlyMinecraftVideos
3242,onod32
3243,oombapt
3244,OOOBERGOOOBER
3245,OopsNah
3246,opcocoa
3247,Open311
3248,Opensan
3249,optimoz420
3250,opues12
3251,Orangecide
3252,orders_collectorsnet
3253,organicmuch
3254,Orgojanne
3255,orgoroger123
3256,oriany
3257,Ornate_
3258,Ortel6
3259,OsamaBin_Laggin
3260,osidakjsdmw
3261,oss10
3262,osxoverkill
3263,otlums
3264,Oultox
3265,OurGreatFuture
3266,OutOfPrison
3267,outofsound
3268,oVelx
3269,overcomeshynesstenda
3270,Overkilled_Meme
3271,Overlord_of_Muffins
3272,Overridelol
3273,owenc149
3274,OwenGramb
3275,owenthevirgin
3276,Owlric
3277,oWreckZz
3278,oxvanjaxo
3279,ozitrader
3280,PabloGraue
3281,pacabb
3282,packerfan972258
3283,PackersMadden
3284,pacmain1
3285,padremaronno1
3286,paingivers
3287,pajche
3288,pakorn1212
3289,palmerd21
3290,Palutena-
3291,Panchs
3292,Panda_Farmers
3293,pandabear0
3294,PandaParadeCS
3295,Pandasawra
3296,panheader
3297,panickinglikecrazy
3298,PantieSlinger
3299,PantyPrincess94
3300,pantysniffer13
3301,pantysnifferI3
3302,papadoc03
3303,Paperclipss
3304,papercowmoo
3305,Papissama
3306,PapoXxX
3307,ParadigmPhoenix
3308,ParadoxTimes
3309,paramatwal
3310,Parismontreal
3311,paroxetina
3312,partyplatypus69
3313,parzen
3314,PastTree
3315,patagoniacap
3316,pathanwali
3317,Patirjdk
3318,patoklovatina
3319,patriciaisc0
3320,patricioramos
3321,Patriots12456
3322,Patrock1996
3323,patrohi
3324,Pattriktrik
3325,paul72724
3326,paulius159
3327,pauljohax
3328,PaulRcootiC
3329,paulsterino
3330,paweed
3331,Pay_Br0
3332,PaypalJinx
3333,paypalninja
3334,pazooo
3335,pbisnphotos
3336,pcs888
3337,Peachfuzz2O7
3338,pedersencato
3339,Pedigree_Dogfood
3340,pedrofer8290
3341,Pellijak
3342,Penciltooth
3343,Penguinian
3344,Penguinmasta
3345,penguinparty0821
3346,PENIS__AND__VAJAYJAY
3347,penis_pornhub
3348,Pennynow
3349,PennyRocket
3350,penpenappleapplepen
3351,pentakiller
3352,PentaKillSlicez
3353,Peppermint0
3354,pepsi56
3355,PerfectionEnds
3356,Perk_Panda2
3357,perkan777
3358,Perker2015
3359,Pers0nalComputer
3360,perthfam
3361,PestiCsaba
3362,Peter4Prez
3363,peterlipentine
3364,peterzhu2118
3365,Petey1986
3366,pf1337
3367,phasecordial
3368,phatl00t
3369,Phaxol
3370,Phewk
3371,PhiIadelphiaCollins
3372,philadelphiacollins
3373,philiplogi
3374,phishshitck
3375,phishshtck
3376,phishshtick-
3377,PhobosTheFear
3378,PhoebeSlays
3379,PhoenixofSong
3380,PhoneDog22
3381,phongdola
3382,photonicDog
3383,photoshift
3384,phox89
3385,PhreeX
3386,PhreshSentry
3387,Phroonie
3388,phumin_w
3389,piamia69
3390,piannet
3391,PianoGuyFr
3392,pickle007007
3393,Piercemxpx1
3394,PierceZack
3395,pierwszaliga
3396,piipw
3397,PilotExoDusk
3398,PimpHD
3399,pimpinginpimples
3400,pimpwaldo
3401,pinchfizz
3402,pineapplego
3403,pink24r
3404,PINKERTON77
3405,PinkertonTM
3406,Pinknachos
3407,Pinkphish84
3408,pinokio_1
3409,Pip271
3410,Pipken
3411,piratelb40
3412,Pistol_Whip713
3413,pitbullblade
3414,PixelatedFruitloops
3415,pixels625
3416,pjarker1
3417,Pkamux
3418,PkmnTrainer69
3419,placika
3420,plagueiridium
3421,PlayaRZx
3422,Ploofay
3423,Ploofay671
3424,PLS_DO_NOT_PM_ME
3425,plsdonth8
3426,plshelpmethrowit
3427,plungers
3428,Plush_Pineapple
3429,plushclub4lyfe
3430,PlzHalpMee
3431,PlZZA_LoL
3432,PM_and_the_Tits
3433,PM_ME_PSIKEIROS_FACE
3434,PM_ME_SHREK_MEMES
3435,PM_ME_UR_BEST_PIC
3436,PM_ME_UR_HIP_DIMPLES
3437,PM_ME_UR_THROWAWAYS1
3438,PM_ME_UR_TOETHUMB
3439,pm_me_yer_nudes_pls
3440,PM_ME_YOUR_IP_
3441,pmedthrowaway
3442,PMinisterOfMalaysia
3443,PmMeYourMother
3444,pnkrzero
3445,Po_tat_toes2
3446,poepstinktvies
3447,PointyTip
3448,PoisonMinex555
3449,PokeCore95
3450,PokemonAddicted
3451,pokiret
3452,PolarBeast
3453,PolarRhino
3454,pon_de_rring
3455,poneal91
3456,poopsockk
3457,Poopy_Doodle
3458,Poor_White_Guy
3459,pootingwaffles
3460,Poptarts1993
3461,POSinAustin
3462,Posthelgason
3463,postivemate
3464,Potato4202
3465,potentiaIIy_awesome
3466,potentialIy_awesome
3467,poucha
3468,Poundzz
3469,Powei94
3470,ppanlican
3471,pptlpp
3472,pr0fessor02
3473,Pr2nn
3474,pr3miere
3475,Praetorian349
3476,praisedatbun
3477,PraiseThaLord
3478,pranay7744
3479,pranciz07
3480,prateck07
3481,Predatoftp
3482,presh17
3483,presto790
3484,pretzeI729
3485,pretzel729
3486,Prezents
3487,Priceiswr0ng
3488,PriceZombie
3489,PrideJoos
3490,priiderice
3491,primarily_coke
3492,princessofslaanesh
3493,Princeton_9
3494,Pringus1999
3495,PringusTV
3496,PrisonV
3497,Pro-Tractor
3498,pro3
3499,Probably_Tripping
3500,ProbIemHaters
3501,promisekept6
3502,ProofBR
3503,ProphetYTx
3504,propiedadporfavor
3505,Protect_bitch_mob
3506,proteek07
3507,Prototypee
3508,ProtoTypeScylla
3509,ProTrader007
3510,provoking
3511,proximy
3512,Proz12
3513,prs215
3514,psikeirosuckswang
3515,PSJc1eAmawCjfwbdf
3516,PSJc1eAmawCjwbdf
3517,PSJc1eAmewCjwfbdf
3518,PSJcIeAmawCjwfbdf
3519,psncodesyeah
3520,PSNGift
3521,pssmith84
3522,psychologConcent
3523,psyckosis386
3524,ptrgreen
3525,PTT69BIO
3526,pubggod1
3527,pudgepudge1113
3528,Pukas100
3529,pulkit604
3530,Pullupskert
3531,Pulsefire988
3532,PumilioToxin
3533,Punchz
3534,punjabipr
3535,pupham
3536,Puregame2010
3537,purjak
3538,PurpleHazeSecrets
3539,purplejarazo
3540,PussyCrunchie
3541,PUT_THE_HAMMER_DOWN
3542,PWH187
3543,pwN1ngNewbz1001
3544,PwnNarwhal
3545,pwnzm
3546,pyroburn21
3547,pythonpyter
3548,qalasan
3549,qfrsell
3550,qhtran
3551,Qma414
3552,Qnewt
3553,Quackenbirdt
3554,QuadPony
3555,quadratu5
3556,quala723
3557,Quatsz
3558,quekth
3559,QuestPlays
3560,Quickseller51
3561,QuietlyInsane21
3562,quill__
3563,Quiner
3564,QuintV3
3565,Qureshi2002
3566,QUSHY
3567,qwerty420_
3568,qwqeqr
3569,qzini
3570,R1Adam
3571,R1mm3rz
3572,R3aL1337
3573,rabbit_lv_
3574,Racso2
3575,radamesort
3576,radek4682
3577,Radeon98
3578,Raderj2
3579,Raderyx-
3580,RadicalJewist
3581,radicalRachel1
3582,radickle_e
3583,radulescuflo10
3584,Radz053
3585,raehafton
3586,rafikbenali
3587,RageAgainstScylla
3588,Ragelzz
3589,ragon1987
3590,ragumaster
3591,Raguna88
3592,rahb_
3593,rahulam
3594,Raiinnnn
3595,raiiroko
3596,Raimed116
3597,RainbowLover19
3598,rainbowsixempire3
3599,RainingBlades
3600,rainingsheeps
3601,rainprocrash
3602,rakiz
3603,ralphmaatouk
3604,Ram4sale23
3605,ramsfan1884
3606,RAND0611
3607,Random1DollarTip
3608,randomkidsrule
3609,randoomdoom
3610,randumbname004
3611,RandyBobandyLahey
3612,randyfanman
3613,Rangetwn3
3614,Rankas
3615,Ranmori1987
3616,Ranykhatib
3617,raphael0311
3618,Rapufro
3619,ratzenburger
3620,rava1232
3621,raw_watermelon
3622,Raxxren
3623,razlets
3624,razorleague
3625,Razziboy
3626,rbkpain
3627,RBombba
3628,RBombba
3629,rc160106
3630,Rcatz1950
3631,rdewalt
3632,Rdmf101
3633,reAchhh
3634,Real_Man101
3635,realbcd
3636,RealIslapdonkey
3637,Realistics
3638,ReallyFocused
3639,RealTalk07
3640,REB1Ot
3641,Rebaza
3642,RebelStoke
3643,Rec0nSoldi3r
3644,reca12334
3645,RectifiedNinja
3646,Red-Zrh0
3647,redactor91
3648,RedbullGivesMeShits
3649,reddible4lyfe
3650,Reddit_007
3651,Reddit_Novice
3652,reddit4gift
3653,redditgooold1
3654,redditor-44
3655,redditorguy
3656,redditpleb1
3657,redditplz
3658,redditplz
3659,RedditPostModerator
3660,RedditStorm1289
3661,RedditUser980
3662,REDDITUSERNAME4212
3663,redeyesz
3664,redhatplayer
3665,RedheadBanshee
3666,rediteur7
3667,RedJayy
3668,RedSloth1
3669,redsox94321
3670,reed99456
3671,reggaebush11
3672,RegisteredToExchange
3673,regular_ol_plumbus
3674,reignmaker1
3675,rekedeke
3676,relationshipthrow555
3677,ReligiousNips
3678,rellison1
3679,Reluctorhd
3680,remaKeET
3681,RemindMeBot
3682,RemiNGNiTE
3683,Remy_Sterling
3684,Remyl_0324
3685,RenB79
3686,renegadelawl
3687,renenays
3688,reno3371
3689,requisite0
3690,RequisiteSource
3691,reselleruk
3692,reslj3
3693,Resurrects
3694,Retrocollector
3695,RetroGUY878
3696,ReturnOfTheLegend
3697,reuanrebo
3698,Reubarbarian
3699,RevengeofR
3700,rewrite
3701,reygan4
3702,rezerf
3703,rhythmwrecker
3704,ribas_oasis
3705,richardchankunsan
3706,richardf91
3707,Richardscott333
3708,Riches2ooRags
3709,richestladyever
3710,richgangkb
3711,Rick_Limes
3712,RickMcStanley
3713,Rickpginh
3714,ricroid
3715,RideMyShare
3716,Riften_Guard_
3717,RikeRice
3718,Riku888
3719,RikuHaruno
3720,ringobaggins
3721,ringofgaea
3722,rinmazera
3723,riperinoxd
3724,RipnPip
3725,riptideinmypants
3726,RiseupatI11
3727,riseupatl11
3728,rishith1287
3729,Rishu94
3730,riverflop
3731,Rizmyy
3732,Rizzlerino
3733,RJ9980
3734,rjying
3735,rkdwotjr01
3736,rkrme
3737,RM067
3738,rmamula99
3739,Rmg15
3740,rminish
3741,rmreddit2016
3742,Roachard
3743,roastedkimchi
3744,Robbinghope
3745,robbydobby17
3746,Robertrvw
3747,Robertsteven209
3748,rOBlcsgo
3749,Robustss
3750,roca218
3751,Rocket_Boss
3752,Rocketleagueeeee
3753,rodolfodhyes
3754,Rodolfosmdtl
3755,roguedev44
3756,Rogueoner29
3757,Rohab_Khan
3758,rohmbite
3759,rojuslap123
3760,Rokhan23
3761,rokkovac1
3762,rollingthundertide
3763,roma1625
3764,ronbraly
3765,ronensaadon
3766,ronizal
3767,ronmd001
3768,Roosht
3769,rootkea
3770,RopeyCornishman
3771,RopeyCornishman
3772,rosbashi
3773,RosemaryAlexander
3774,Roseredkisses
3775,Rossoliver
3776,rossraskolnikov
3777,Rotmgbuyer1
3778,ROTMGPeebo
3779,rotmgtrading123
3780,rotten180
3781,RoughLyfe
3782,rousskikh
3783,routsas
3784,Roverturboo
3785,roxsax
3786,roylofquist
3787,Rozayta
3788,RozenPro
3789,rozilla
3790,rsbundy26
3791,rslotherino
3792,RsMitzz
3793,RSZezima
3794,rtbonez
3795,rtorigian
3796,rtunarean
3797,rualdcop
3798,rubenik
3799,RubTheAloe
3800,rubytuna
3801,rucas17
3802,rufus40444
3803,RufusBillesdon
3804,ruhai7
3805,Rukarionite
3806,Runictemplar
3807,runingturtle
3808,running_and_black
3809,ruskik
3810,Ruskin12
3811,Rustia
3812,Rusty_Cock
3813,rwhite5310
3814,ryan_torigian
3815,ryan9991
3816,RyanChoi
3817,ryandouglas6
3818,ryanmurphy19
3819,RyanPWillliams
3820,RyanRan15
3821,ryansean23
3822,ryanum
3823,rybuns
3824,Rydeck
3825,Rylanis
3826,ryohh
3827,Rysc
3828,ryslice420
3829,Rythedutchman
3830,RyvenCedrylle
3831,Ryvrsong
3832,S___H
3833,s_lol_s
3834,s2nder
3835,s4ndw1ch1337
3836,s6xside
3837,SA1656tw
3838,saadaguero
3839,sabashioyaki
3840,sabaton95
3841,Sabln357
3842,sabn357
3843,sackle
3844,Sacred76
3845,sad9919
3846,SadFaceBot
3847,sadovnychyi
3848,sahaj15
3849,Sahebswaich
3850,sahibsahib
3851,sailor-v
3852,SailorMakoto
3853,SaintBabysmacker
3854,saintlamp
3855,Sakura_Stardust
3856,Salman1700
3857,sam171712
3858,samaz
3859,Samball49
3860,samcharlie3142
3861,samedaytouries
3862,samman1212
3863,samp55
3864,sampolul
3865,samteks1
3866,samtheman2525
3867,samzklub
3868,san20100
3869,sanciie
3870,sander-diego
3871,sanders2016love
3872,Sandra_Burns
3873,sandyhookliner
3874,sandyman31
3875,sapphirepro
3876,SaPpiTooErc
3877,saraaaahbr
3878,Saragreenx97
3879,Sarahrenee095
3880,sarahrenee95
3881,Sarahreneee95
3882,sardinesrule
3883,Sarijx
3884,Sario25
3885,sarpkgs
3886,Sarrime
3887,sasha_fierce79
3888,sasquatchesforlife
3889,sassy4443
3890,SassyRed1978
3891,SatanicPvP
3892,SaucyMan2
3893,Sauriss
3894,savage818
3895,savagemick
3896,SavannahWilde
3897,save77
3898,savemoneyarmy
3899,saverofmoney
3900,savhgirl
3901,saygoodbye4me
3902,Saylerxhunter
3903,sC1337
3904,scadouche
3905,scancolony
3906,ScapeSteam
3907,ScaredRush
3908,ScareMeJeremy
3909,ScaryNilsson
3910,SCBEBOP
3911,Scetch3D
3912,scethao
3913,Schindluder777
3914,schlumpfli
3915,Schnitzel_tits
3916,ScHoolboy-E---
3917,Schuberphill
3918,Schuffey
3919,Schzophrenics
3920,scooterputin
3921,ScrambIedOvaries
3922,scrimitle
3923,ScriptKiddyTM
3924,Sct1223
3925,scvvv
3926,sdog1000
3927,sdrawkcabkniht
3928,SeamlessML
3929,SeanMcGinger
3930,searstream
3931,seasohn
3932,sebede4
3933,Sebthedark69
3934,SecretWillow
3935,seeIdoger47
3936,seeingbye
3937,Seekerstar
3938,seeldcger47
3939,seether159
3940,segastyle
3941,seitys
3942,SekkusuDaisuki
3943,selaifris
3944,selene7272
3945,Sell_You_Items
3946,Seller121
3947,Selling400steam
3948,sellingcard4coin
3949,SellingDellCard
3950,SellingTf2
3951,Sellingthins1
3952,SellingXboxLive
3953,Senaklo435
3954,senbimm
3955,SenseiKay
3956,sephusdrc
3957,Ser_Black_Phillip
3958,SeraphicRadiance
3959,serbez
3960,serk120
3961,SerpentariusGifts
3962,Seryi999
3963,serzh111123
3964,sesamessprinkles
3965,setitandforgot
3966,seveneleven98
3967,seventeed772
3968,seventhofjune
3969,severushd
3970,SevTheCunt
3971,Sexles
3972,sexPekes
3973,sexpotato
3974,sextnoise
3975,Sexyanna1211
3976,sexyniess
3977,sezurs
3978,Sfkn123
3979,SForSunkist
3980,SGMASTER
3981,SgtBaconaise
3982,SgtMcHarreh
3983,Shadow_Eclipse
3984,shadow234432
3985,shadowfox234432
3986,shadowmere93
3987,ShadowStalker700
3988,shadowsurge
3989,Shaf1
3990,shaf2
3991,shairn
3992,Shajfi769
3993,shajfy769
3994,ShakyDairis
3995,Shalobster
3996,shalom1234
3997,shamker
3998,shane32190
3999,Shannty
4000,shanquita23
4001,ShaoRyn
4002,sharkboy55555
4003,SharkHonda
4004,Sharloose
4005,sharmila64
4006,Sharps420
4007,Sharpy119
4008,Shashwat911
4009,Shaunleewenije
4010,shaunlemnix
4011,shawnic360
4012,shawnmwazza
4013,shellcordovan
4014,ShepardGaming
4015,SheriffGenise
4016,shermy1999
4017,SheWantsThePianist
4018,sheyky
4019,shibeshine
4020,shiduyo
4021,Shinra_-_Tensei
4022,shiny_magikarp
4023,Shinysauce
4024,ShiVerrrr
4025,Shlrl19
4026,shmatko00
4027,ShocSloth
4028,shoost
4029,shopaudio
4030,shoplifter69fag
4031,Shoretrooper
4032,shortshortsarentgay
4033,ShotbowSince2012
4034,shotoninski
4035,shoxiSSa
4036,Shredderboss
4037,shrimpsucks
4038,Shroomgawd
4039,Shruikken
4040,shtevenish
4041,Shuffle4fun
4042,shuraka
4043,shurimaSesamo
4044,Shushkabobgurl
4045,shutthefuck_updonny
4046,Shvingh
4047,shy-shy-shy
4048,Si_senorita
4049,Siam513
4050,siamboy
4051,sickfaggot
4052,sicklysweetnanny
4053,sidebooob
4054,siegel2014
4055,Siegfriend
4056,sigaintme
4057,sighofboredom
4058,Sigos
4059,sikewrdpryznr
4060,Silent_Sapphire
4061,SilentK213
4062,sillibird
4063,sillylivi
4064,SilphCorp
4065,SilverPositive
4066,silverwolfclear
4067,silverwolfer
4068,simongroves
4069,Simplexletalis
4070,SimplyWong
4071,Sinetics
4072,sinfulsk8tergirl
4073,Sinister-meow
4074,sinisuba
4075,sinsforeal
4076,sinyth
4077,SiphonerOfSouls
4078,Sir123
4079,SirAnnonagod
4080,SirBindy
4081,SirCanadian
4082,sirenchick
4083,sirenmika
4084,SirKlan
4085,sirowen2
4086,sirpoonslayer
4087,SirRukario
4088,SirShades
4089,sismails
4090,Sit-Rep
4091,sithgam3r
4092,SithVader01
4093,Sk8kink
4094,Skappote
4095,Skatehinge
4096,skateooordie
4097,Skattin
4098,skeletonator
4099,skiatomic117
4100,skigIg
4101,Skincarethrowaway
4102,SKINNYPlZZA
4103,skkanss
4104,Sknightx
4105,skop88ka
4106,Skorpze
4107,SkrubLyfe
4108,sksmith094
4109,Skullion123
4110,Skully502
4111,Skwiid671
4112,skyderper1
4113,SkyHighBlazing
4114,Skylarz
4115,Skyluster
4116,SkymallShipsGround
4117,SkyrimLifedoe
4118,SlashBlack
4119,slavelabthrow
4120,SlayerGM
4121,sleaszer8546
4122,sleawnis
4123,sledgetate
4124,sleepyvince
4125,Sleepz33
4126,slendersalamander5
4127,SliceofsportsYT
4128,slickee
4129,sliferkiller
4130,SlimMitchelLP
4131,slinkslunk
4132,slinkykong
4133,slinkyman24
4134,SlipknotLF
4135,SlipperyChz
4136,slipperycreamcheese
4137,SlippinTrippin
4138,SloGha
4139,slopia
4140,sloth680
4141,Slpk
4142,sly742
4143,SmallSubBot
4144,smalltownball
4145,smamypants
4146,Smartiphone
4147,Smashexchanger
4148,smellykith
4149,smhecks
4150,Smile_RotMGers
4151,Smileitssharon
4152,smilesbot
4153,smithmconnor
4154,SmithVeson
4155,smoke__what
4156,SmokingBoners
4157,smurf58555
4158,Snake__Yogurt
4159,Snake_Yogurt
4160,snakecreek
4161,snarfsnarf222
4162,sneakpeekbot
4163,snooppussy
4164,snoopzprodlgy
4165,Snowball122
4166,snowballer2468
4167,snowmanclown
4168,snozberries68
4169,Snuggerdog
4170,snxiong
4171,Soaphieee
4172,soapmaster67
4173,soBLITZED
4174,socialpatrick
4175,socola0406
4176,SodaPressingXD
4177,softheck
4178,sohahm
4179,sohailm3
4180,sohereweare09
4181,Soiledapple01
4182,sokrere
4183,SolemnAndSerene
4184,solid1971
4185,Solomander1973
4186,some0481
4187,SomeAreSalty
4188,somenightsistayhome
4189,SomeoneElsesPudding
4190,somerandomteen
4191,Sometimesexaggerates
4192,somochuotx
4193,Somonetookme
4194,SoMoneyAndDontKnowIt
4195,Sonicracer100
4196,sooperdoopertroopers
4197,sophia_c
4198,SophicBulsara
4199,SophieBulsora
4200,Sophispotis
4201,Sorfosh
4202,SorryForThatSir
4203,sosmet
4204,sotmant
4205,soulreply
4206,SoundOfSilence1
4207,soundsystem0105
4208,SoUseless_
4209,Sowik40
4210,sp1r1t
4211,SpaceDandy9
4212,SPAMinate
4213,spankyplz
4214,Spanstorm
4215,spare_tallywhackers
4216,sparkloft
4217,sparkypes
4218,SparkyXXX
4219,spartan6789
4220,Spearman874
4221,Spearman875
4222,SpecialHF
4223,Speedster1987
4224,Speestacker898
4225,Spencer199402
4226,SperchalSummon
4227,Spherinx
4228,sphmnc
4229,spidy_mds
4230,spikcyorange
4231,spikeycrange
4232,spikeyorangc
4233,spikeyorange
4234,Spinal67
4235,spinweb2013
4236,spitanus
4237,Splashykoifish
4238,SplitFillReRoll
4239,Spoogius
4240,SpreadTheBitcoin
4241,spuds-gaming
4242,spuds-gaming_
4243,spunkybd
4244,spybug
4245,Spykid1423
4246,Squadala01
4247,Squeegeez
4248,SqueezeTheJuiceBox2
4249,squidcakes
4250,squidswag420
4251,Squillo88
4252,Squilly827
4253,SqwurtleSqwad
4254,sraksso
4255,sree10
4256,Sree8089
4257,SSapphire
4258,ssnake2013
4259,ssspy007
4260,sswagwag
4261,ssyed1
4262,St_Dane
4263,St3lioKont0s
4264,StagnantSloth
4265,StanCalvin
4266,StannisBaratheowned
4267,stanrandom
4268,starbucksforyo
4269,StarbucksKing
4270,StarbucksMasterz
4271,stargreat5
4272,Starlightbreaker
4273,StarStruckLight
4274,StaticMoments
4275,stay-puft
4276,StayingFrosty
4277,stbernardus
4278,stealth117
4279,SteamBeam12345
4280,SteamcraftCorbin
4281,steamerino
4282,steamerror
4283,SteamGuyOnReddit
4284,SteamPaypal123
4285,Steamtrader1
4286,stefannikolaev
4287,stefradjen
4288,stefstefs
4289,Stendon
4290,stepae
4291,StephenTheHawking
4292,steve51184
4293,steveds123
4294,steveeey99
4295,StevenFloyd
4296,steveoboy
4297,SticklySoldier
4298,stickyfingers69
4299,Stideification
4300,StimulaRada
4301,StinkyPitrolli
4302,stiokybandit99
4303,Stjerna88
4304,Stompdownn
4305,StonedProxx
4306,stoopidstick
4307,StoppingByFrom4Chan
4308,str0nglikeox
4309,strahinjavukmanov1
4310,strangehint88
4311,straton278
4312,Straxthepotatoe
4313,Streake1
4314,stringly
4315,strOngIikeox
4316,StrozeR-
4317,Strozo
4318,Sttevenish
4319,studentvz
4320,StuLiberman
4321,StumblingMumble
4322,StuntStreetWear
4323,Stupidcat311
4324,stylemotlf
4325,SubmarineKE
4326,succ4skins
4327,Suchdogenoob
4328,suchdogewowyourself
4329,Sudarmawan
4330,Sudowoodo
4331,Suedars
4332,sueonlee
4333,suesays
4334,suetorton
4335,sufaid
4336,sulfiix
4337,sulz47
4338,sumit58262
4339,SummerFloyd
4340,sumxain
4341,sumxain1111
4342,Sunnavend
4343,sunsparc_fucked
4344,Supahninja12
4345,supamon
4346,Super_Elton_John
4347,superalexl2l
4348,superbigB
4349,superman3275
4350,supermanbatmansoccer
4351,SupermanCAM1
4352,Supermen112
4353,Supermen123
4354,supermum
4355,SuperNerdyFatGuy
4356,superppk17
4357,supersean61
4358,Supreme8888
4359,surreal-vampire
4360,Susan-h33
4361,SusanS121
4362,sushipower4
4363,SuspiciousWalrus99
4364,Sutra_Cookie
4365,SuzyisanAlbatross
4366,svpzye
4367,Sw4994m0n
4368,SwaaggyyP
4369,swagbucksamazonoards
4370,swaggtastic23
4371,swagmemer
4372,swagrats
4373,swapniljain26
4374,Sweat_shirt19
4375,sweet_peach24
4376,sweetOmodi
4377,SWGamer
4378,Swissthony
4379,Swolemurse
4380,Swordkirby
4381,Sxmuxl
4382,syl3nt_m4rtyr
4383,sylentthunder
4384,sylviandark
4385,Syme3
4386,synged
4387,synopsis_
4388,Sythevypr
4389,T_rex_boss
4390,T_Time07
4391,t-malone
4392,t-o-t-o
4393,Table_Fancy
4394,tacobell117
4395,TacoDicaprio
4396,TacticalTacoGG
4397,Tagist
4398,tagomoga
4399,tahamoni
4400,Tahseen1
4401,taithenig
4402,taitranx
4403,Taivasvaeltaja
4404,takasora
4405,taketheshro
4406,tal_itha
4407,TalkOfNoTown
4408,tamago64
4409,tamong173
4410,tanhy90
4411,Tanneraudible
4412,tannerbear94
4413,tannertunning
4414,tantoedge
4415,tapansharma2
4416,tapoutshirt
4417,Tarekalchawi
4418,tartarshoes
4419,taschnewitz
4420,tasirorabi
4421,Tasogara
4422,TasteMyKinnchi
4423,tatosaurus
4424,tatspats
4425,Taurus35
4426,tavtavtav
4427,taylorghain
4428,taynhayd
4429,tazartheyoot
4430,TazCow
4431,TBarnes95
4432,Tbartlett64
4433,tburns1469
4434,TC7200
4435,tcaptain3
4436,Tchan8781
4437,tdelsignore
4438,teagueIt0ut
4439,Team_Refuse
4440,TeamAmerica5
4441,Teamiphone456
4442,TechnologicalMango
4443,teddy-Mcfluff
4444,Teddy7x
4445,teddynew
4446,Teehee147
4447,Teehee7121
4448,teejj
4449,teenagered
4450,teenhip
4451,teenslovehugecocks
4452,tehapollo
4453,tehcsavage
4454,tehlucaa
4455,tehreallemon
4456,TEKaTEK
4457,tempeebase
4458,temperature123
4459,tendertido
4460,tennisgoldsh
4461,teqniq
4462,terdfergisun
4463,TeriFlaka
4464,Terminally_Chill_
4465,TerpSkins
4466,terrisus
4467,terzatebra023
4468,teslashock
4469,testera69
4470,Testimonies
4471,testonetwothreefour5
4472,Tex904
4473,texaswithdollarsign
4474,TF2Dross
4475,Tfoe1399
4476,tg-dog
4477,Th1nkPositive
4478,Thaacaw
4479,Thade2k
4480,thagodc
4481,ThaHellloo
4482,ThanfwanthithkoTht8
4483,Thanorak_
4484,THANOS137
4485,That_wardog_Guy
4486,that-bot
4487,thatguy1998
4488,Thathackerdude
4489,thatjoerob
4490,Thatoddguy69
4491,thatshowwedoesit
4492,thatsradman1
4493,The_Cool_Lamp
4494,the_donald_rises
4495,the_dong_is_real
4496,the_joker_jester
4497,The_Lurking_Goon
4498,The_Master_Weaver
4499,The_Oasis
4500,the_real_wang
4501,The_Regend
4502,The_Trust
4503,The_Un1Verse
4504,the18thletter
4505,The9YearOldGamer
4506,TheAmazingSid
4507,theaustralian123
4508,theaznone
4509,TheBaconStripOfDoom
4510,TheBakeryGames
4511,TheBigBadCulDeSac
4512,TheBigGrinder
4513,thebigpeon
4514,TheBostonianGamer
4515,thebot89
4516,TheBuzzLightyear
4517,TheCakeMate
4518,TheCapsLock
4519,thechoco9
4520,Thecityschool
4521,thecjw
4522,TheCopierDude
4523,TheCorrosive
4524,Thecrimsonmight
4525,thecsaurus
4526,TheDeadlyUnicorn
4527,TheDeestrooyer
4528,TheDJRebel
4529,thedog1234
4530,TheDoritoKing
4531,TheEliteBrit
4532,TheEliteofGames
4533,TheEmperorAzir
4534,theemptyfridge
4535,TheEngTeacher512
4536,TheEpicJester
4537,TheEpicYoshi
4538,TheFactICanGetWay
4539,TheFakeGoat
4540,thefakeupvoter
4541,TheFallenBlades
4542,theflygon
4543,thefreelifelover
4544,thefuckingitguy
4545,thegamerguynick
4546,THEGAMERHD420
4547,TheGamerHD69
4548,thegayestlesbian
4549,TheGermanWalrus
4550,thegifkingz
4551,thegiftcardgirl
4552,TheGiftCardMan
4553,TheGirlsMirinMe
4554,thegrandjefe
4555,TheGreat153
4556,TheGreatDekuTree99
4557,thegreenbutton321
4558,TheIndigoEmpath
4559,TheJawOG
4560,thejayalvarez
4561,TheKidYeezus
4562,thelazybrowndog
4563,thelegend27
4564,theLegend270
4565,thelegend2700
4566,TheLegend27000
4567,thelegend270000
4568,TheLegend2700000
4569,Thelegend270000000
4570,thelinkfixerbot
4571,thelochias
4572,Thelordofpotato
4573,TheLvcidDreamer
4574,Themagicman009
4575,TheManMKD
4576,themario111
4577,theMatus
4578,TheMinionDude
4579,themonst
4580,TheMorningBlur
4581,Themusicmademedoit
4582,TheNaanDon
4583,TheNationalRazor
4584,TheNaXho_D
4585,TheNeverFade321
4586,TheNudesGuy
4587,TheOliveM
4588,TheOmega3368
4589,TheOneRing_
4590,TheOrignalE
4591,TheOwningPie
4592,thepowerofawsome
4593,ThePretentlousduo
4594,ThePrimeZaquez
4595,TheProxyMan
4596,ThePTrader
4597,Theranger824
4598,TheRealDrGil
4599,therealduckie
4600,Therealgirl94
4601,TheRealHeinus
4602,TheRealJC3
4603,TheRealPhatTone
4604,TherealScienceZone
4605,TheReaper890
4606,TheRedGummyBear
4607,TheRetral
4608,Therw_it_to_ground
4609,TheScammer
4610,TheScreamingSadist
4611,TheSheIdor96
4612,TheSilentHunta
4613,thesmileman
4614,TheSoulmate
4615,thespeedymoile
4616,TheSuperSlyGuy
4617,TheTerminotor68
4618,TheUltraPow
4619,thewolfblazer
4620,TheyCallMeRatedBish
4621,ThisDecemberIs
4622,thisismyusernameboi
4623,thisisscott1
4624,Thisissodifficultt
4625,thislooksprofessiona
4626,ThisRandomRedditer
4627,thoainppd00420
4628,thomasna94
4629,thomasprice01
4630,ThomasRedfield
4631,thosducscanfly
4632,thought3217
4633,Threatens
4634,ThreeQwerty
4635,Threeqwertyy
4636,Throw_it_to_ground
4637,throwavvay49
4638,Throwaway_u5
4639,throwaway201512
4640,throwaway4love992
4641,throwawayfromhk
4642,ThrowawayNSC
4643,throwawayswaggy69
4644,throwfaraway1232
4645,thrownoutofmylife
4646,Throwwayoutthere
4647,thyartis
4648,Tia_Jamon
4649,Tickety_Bob
4650,tickyomonth
4651,tiffanydang
4652,Tigerrss
4653,TigersMilk_
4654,Timbiat
4655,timbits_timbits
4656,Timelord1010
4657,Timeshift2
4658,TimForser
4659,timothydunn
4660,timyt
4661,tinarage
4662,tinFoiler
4663,tinkywinkylala
4664,Tinycatattack
4665,tipofmytounge69
4666,Tiradyr1738
4667,Tirith_Wins
4668,Titan_Hunter
4669,Titan-KennyS
4670,Titansteels
4671,titre
4672,tittoast
4673,Tizgone
4674,TJC7
4675,Tjoliva
4676,Tk1239
4677,tkMorgan
4678,tkotejebe
4679,tmalheiros
4680,tmanOOO4
4681,Tmedical
4682,tngs
4683,tnkhanh1997
4684,ToasterLady
4685,tobby87
4686,tobyyy99
4687,tocraven
4688,ToddNChips
4689,Todomer
4690,TokerDokers
4691,TolerantCryptography
4692,TomArman
4693,tomatoghost
4694,tomboy2k14
4695,tombrahh
4696,tome567
4697,tomek34465
4698,tommyjeffer
4699,TommyShaw85
4700,Tomorrowcsgo
4701,TomskyCzech
4702,tomtonthat
4703,Tomukasss
4704,ToNarniaAndBeyond
4705,toncekkk
4706,toniruiz2
4707,ToniteFun
4708,tonucho
4709,Tony_M
4710,tonydi363
4711,tonymanny15
4712,tonystark10
4713,toocoolforschoolbs
4714,toocooltoostupid
4715,toodamoon
4716,toofatforfun1
4717,TooHot2Handle
4718,tooleboxishome
4719,toozinator
4720,topfragadvice
4721,topkekkelells
4722,toplanov
4723,TopPercentNerd
4724,Tordentor1987
4725,torgorama
4726,Torlcy_
4727,Torley-_
4728,totallyradikaldude
4729,totes_meta_bot
4730,toxicitybv
4731,Toyochan
4732,Tr00ler
4733,traceuser
4734,tracluvsgod
4735,tracyfan_1
4736,trade-
4737,TradeExchange
4738,tradelaw
4739,TradeMePl0x
4740,TraderGamer
4741,TraderGaner
4742,TraderRo
4743,trades1
4744,TradeXBLforPSN
4745,tradingamazon
4746,traditionallyt
4747,Trainagcs
4748,Trainer_Gold06
4749,Trajanov
4750,Tram3347
4751,transcirptionPigeon
4752,transcripti0nPigeon
4753,transcriptionPige0n
4754,transcriptionPiigeon
4755,transcriptionPiqeon
4756,transcriptlonPigeon
4757,transcrptionPigeon
4758,translatingFromSpain
4759,transscriptionPigeon
4760,trapoutthebando
4761,Trapzay
4762,Trasse
4763,TrayvonwasApe
4764,trbir
4765,trdokuz
4766,Trebolcoins
4767,trendel03
4768,trevh13
4769,trevorphillips22
4770,Treylis
4771,TrickyMimic
4772,Trickz247
4773,TriforceofTime
4774,Trignos_
4775,Trihard--
4776,TrillestBrian
4777,TripleNipple_
4778,tris0714
4779,TrixiTang
4780,TROLLZORFTW808
4781,trolo
4782,tromboner1233
4783,tronscriptionPigeon
4784,Trooper4767
4785,TropicHugo
4786,troubledsoul1
4787,Troyus_Maximus
4788,TrueAngryYeti
4789,trueshoktyle
4790,trueshotkylc
4791,trump_finna_do_it
4792,Trusted_Seller
4793,truzx
4794,trx1138
4795,tryedi
4796,tryndateemo
4797,TrypeWritter
4798,trythistrick93
4799,tseaun
4800,Tsorkin561
4801,tssw
4802,TsundereCactus
4803,tsuz
4804,TubbyAlien
4805,TubbyMcFatTits
4806,TuNa-_-
4807,Tunnelsnake55
4808,tupungato
4809,turbo241
4810,turbomowpa
4811,turboninjapirate
4812,TURKEYDOGE97
4813,turtleGenocide
4814,Tw33ken
4815,TwiecBakedTomato
4816,twillerd
4817,Twinklepants0
4818,twitch123459
4819,Twitchy44
4820,TWolves-2020Champs
4821,TwoMeninManhattan
4822,twoscoopz
4823,Tyas2000
4824,tylerswag129
4825,TylerTheJet20
4826,Tyraganks52
4827,TyrandeWOW
4828,tyrannyrex832
4829,Tyrape
4830,tyvmacs
4831,TzaCaNeL
4832,Ubernewt
4833,Ubernukeman-alt2
4834,UCanBeKingAgain
4835,chiha57
4836,glynproud
4837,UGot2Handit2Leprecns
4838,Ulament
4839,ltimateulti
4840,UltraKritz
4841,UltraRapidFireE
4842,ltrasoftly
4843,ly96
4844,madbro64
4845,UMDSmith
4846,mpirate
4847,UnChart
4848,ncleruckus255
4849,UncouthRuth
4850,nderdelusions
4851,ndergroundfloyd
4852,ndisclosedy
4853,UnendedExtractor
4854,Unhltrade
4855,UnholyBanjo
4856,nicornlatte
4857,nipega
4858,UniversalFapture
4859,nknownkids
4860,UnknownSoldier1337
4861,UnlimitedPowahh
4862,nlimtedmoney
4863,ns211
4864,Uoon_
4865,p1nsmok3
4866,ppe
4867,Upstagebuffalo
4868,ravagecoolkid
4869,Urbanarjan
4870,rbanLegend9
4871,USA_Pride
4872,saccount2
4873,UselessAMCGiftCard
4874,UselessNukes
4875,User613123
4876,serit1
4877,sername6719
4878,UserVizo
4879,sesarcasm
4880,USSRCCCP
4881,V9E
4882,vaginopathy
4883,Vaitork
4884,valaea2
4885,valentine68
4886,ValiumCake
4887,Valkeryie
4888,vandilret
4889,Vanissery
4890,vanthios
4891,Vapebacon
4892,vapethrowy
4893,VapeViotim
4894,Vapids
4895,VAs_Finest
4896,Vashym
4897,veam
4898,vega_mir
4899,vega-mir
4900,Vegeta123neo
4901,Vekter
4902,Vekter
4903,Velarize
4904,Veletix
4905,Velix
4906,VeluxePredictions
4907,VenomEater552
4908,VenomedAxe
4909,VenomRaptor
4910,Venozite
4911,Vepyr
4912,VerbatimBardus
4913,Verci
4914,verdegreen
4915,Verdena
4916,VerifiedPage
4917,VeronicaClark
4918,Veronikakaren2
4919,Versa_
4920,VersaceLace
4921,verxic
4922,VeteranGM
4923,VexxySmexxy
4924,vfiame
4925,vianeytacolover223
4926,Vic_B
4927,Vict0rr
4928,victorho9x
4929,VictoriaCSFORUMS
4930,VicVact
4931,videogamejudge
4932,Vigoureux
4933,vikat28
4934,Vikings1995
4935,viktorvaughn1337
4936,vincsemp
4937,vineet8137
4938,Vinkles
4939,vinnywubs
4940,violaep
4941,Viperaslong
4942,viperconga
4943,viralcow
4944,Vireaux
4945,virgenis
4946,ViRoboticRoot
4947,virtualtechcart
4948,VirtusPr0
4949,Virusing
4950,vishalbty
4951,vishbish
4952,Vitalgrodno
4953,vitalitypradlo
4954,vitocorleone420
4955,vivek2augpc
4956,Vizark
4957,Vizo93
4958,vJammy
4959,vjerry7013
4960,vladcetr
4961,vlerryx
4962,vNotrix
4963,Voiceoftheguns
4964,voidminded
4965,Voidrun
4966,voiptopreseller
4967,voIt1up
4968,Vopemz
4969,Vorgex
4970,vorloxx
4971,Vorsaw
4972,vortexhyper
4973,Voschal
4974,Voxad
4975,VoyGoBackTop
4976,voygobacktop2
4977,Vozuh
4978,VSCWOW
4979,vsgarzi
4980,vsq112
4981,VT720
4982,vtr_
4983,vvavepacket
4984,vvolkgang
4985,VVZZXX
4986,Vynoxic
4987,vZammy
4988,waeguk
4989,wahn_guerrero
4990,WaitforitKO
4991,WakeUpForWhot
4992,wakkigy
4993,wakyasuk
4994,WallaceThePolarBear
4995,Wallderama
4996,wallflower79
4997,Wallton
4998,wallygator007
4999,WalrusPorn
5000,Waltst
5001,wamlimited90
5002,Wammus
5003,wangpan252
5004,wangshengce
5005,wannabcool
5006,wantfollowers
5007,wantingtoleave356
5008,War0803
5009,warlands719
5010,waseembyrne
5011,watches_u_poop
5012,waxro
5013,waxro85
5014,WB_Tribeca
5015,wcl90
5016,wclfi
5017,Wcrld_Chacs
5018,Wcrld_Chaos
5019,weaslyswizardwheezes
5020,weatore
5021,webdevdepot
5022,Webprobd
5023,WebsiteDesignMn
5024,Weealvin
5025,weed4funeuw
5026,Weedlash
5027,weedmakesmehigh
5028,Weegee_
5029,weewoos
5030,weez705
5031,Weezus
5032,weimaran
5033,weimarann
5034,weird_flame
5035,weird_is_back
5036,weird015
5037,Weirdestbug
5038,Wellfuthen
5039,wellington35
5040,WeMayHaveToBlast
5041,WeMayHaveToBlast
5042,Wenedotwbg
5043,WERerey0
5044,weriwdsmash
5045,weskokigen
5046,WesTheGinger
5047,Weszzz
5048,WetDoDo
5049,wetseals
5050,WetwithSharp
5051,whappyice
5052,whateverdemandsigive
5053,whatisryan
5054,whatlifemaycome
5055,whatsthedamagee
5056,WhatsThisMeanAnyhoo
5057,whatsupdoc1634
5058,wheelerl3
5059,Whemmle
5060,whenamanlovesa_ama
5061,whenicomehomeicumhom
5062,WhenThedogAte
5063,Whiffman
5064,WhiteNightFedora
5065,Whiteoak789
5066,Whitepuddingg
5067,WhiteRed123
5068,who8me2k7
5069,wholefoodsiscool1164
5070,whowearshortshorts
5071,WhyCalebWhy
5072,WhyEvenTryToChange
5073,Whysojoke
5074,Widescreenn
5075,WierdoBoy
5076,Wigginmiller
5077,wiggles5289
5078,wigglesworthless
5079,WiiGi
5080,wildchow
5081,wildflower1
5082,WildHornberries
5083,wildlywriter
5084,wildthingsare3
5085,wilipotente66
5086,william123qw
5087,williamtoch814
5088,WilllyC27
5089,Willr13
5090,willrwill512
5091,WillS33
5092,willt1028
5093,willthinkformoney
5094,wilsonkoderhk
5095,winntl
5096,winstrol2
5097,Wisefix
5098,wiseguyinc
5099,wissman69
5100,Witty_Comments
5101,WlNcon_Gaming
5102,Wobicus
5103,wogglesaur
5104,WokeUpForWhat
5105,WokeUpForWhot
5106,Wokhardt
5107,wolfi
5108,Wombatmack
5109,woochie
5110,woodenguns
5111,WoodenSteel
5112,WoodsyBear
5113,Woofiny
5114,woojay123
5115,wordbot2000
5116,WordUpping
5117,WorkerRick
5118,Workingtea
5119,worldpeace108
5120,WorstHacks
5121,WortoX40
5122,wothcli
5123,wotstealth
5124,Wotury
5125,wouldntuliketokn0w
5126,wowhowfun
5127,Wrafts
5128,WrecklessEffect
5129,wreun
5130,WrinkledCondom
5131,writeman1
5132,Writerblock17
5133,WroeToShawh
5134,Wroze27
5135,wtalk2
5136,WTueyot
5137,Wukor
5138,WuM1ha1nho
5139,wumboshouse
5140,Wurdfurd
5141,wwebrake
5142,WZZXX
5143,XaltedBy
5144,Xalwine
5145,xArizonaCoyotesx
5146,xbox360svr7
5147,XboxAndPc
5148,xcess007
5149,xchangerZ
5150,xcstasy
5151,xd0nn4x
5152,XDshadowXP
5153,xedaps
5154,XeiEUNE
5155,Xeladew
5156,xeno--
5157,Xenochrist999
5158,xenocobra
5159,xenoletum
5160,Xenotaurr
5161,xeyfawzy
5162,xFroggy
5163,xG2P
5164,xgabriele
5165,xGoldenOPx
5166,xGrizze
5167,xHELL_RIDER
5168,Xiege-CSGO
5169,xiexle419
5170,XilentRain
5171,xillius
5172,xithbaby
5173,xiviton
5174,xixcel
5175,xJPaK
5176,XKXKKXK
5177,xLinkDeadx
5178,xlithernigga
5179,xltes
5180,xlti
5181,XMF
5182,xmrkite
5183,xNeon14
5184,xNightfallxx
5185,Xnym
5186,xodus989
5187,xonetrustedclan
5188,xoswapty
5189,Xovoc
5190,xovxovxovo
5191,Xoxosharon
5192,xParadocksx
5193,xpo_21
5194,xray2
5195,xRekage
5196,xrowdycrux
5197,xRumorify
5198,xsaveas
5199,XSkrallX
5200,xSkush
5201,xsport83
5202,xsugax
5203,xTecNodRomx
5204,xthousand
5205,Xtremehugger
5206,xUbermon
5207,xWhizard
5208,xX_OPs_Mom_Xx
5209,xx3dgxx
5210,xxcmb3k3xx
5211,xXDaveAceXx
5212,xxdubtechxx
5213,xXflaming_toiletXx
5214,xxieric
5215,xXMeGaTrOnCjXx
5216,xxMoneyBoyMC
5217,xxpaulblartxx
5218,xxrawrxxd
5219,xxrush4lifexx
5220,xxstoryoftwoxx
5221,xxzxcuzx
5222,Xyanos
5223,xzibiafrost
5224,Y-R-N
5225,y0sem1te
5226,ya215
5227,YaBoiSolace
5228,YakamaExchange
5229,yalcton
5230,yamidudes
5231,Yankeesawesome21
5232,Yaosh
5233,yashpal951
5234,yasielyouknowthedeal
5235,yccu1119
5236,YeahXynni
5237,Yedley
5238,yelaxify
5239,Yellowdock9
5240,yelyahw
5241,YeOfTheGreenTwilight
5242,yepdude
5243,yes_answers
5244,Yescrow
5245,yesmrscorpio
5246,Ylidjednas
5247,Yo_Titties
5248,yoboyscooter
5249,yochanan2007
5250,yodoggiedawg
5251,yodonna
5252,yodudemanyo
5253,yoezl
5254,yogaflameojoj
5255,YoggSaron1131
5256,Yokumar
5257,yoloono2
5258,yoloturnt
5259,yompi639
5260,Yosostupid
5261,yosvany
5262,yotk13
5263,youknowme
5264,YouKnowMe-
5265,youngerRobotworker
5266,youngnicco
5267,YoungT0ny
5268,YouOompaLoompa
5269,Youranklesarebroken
5270,YoureapeonUppercut
5271,youresomean
5272,youRheaDiSoNfirE
5273,YourMothersPancakes
5274,Yours_truly10
5275,yousef1997
5276,yousifm1
5277,youthsick
5278,youtubefactsbot
5279,Youwillcomply
5280,yov9
5281,ysmk8781
5282,Ysy2333
5283,YTheseller
5284,yukusho
5285,yukybae
5286,YUMpoison
5287,Yumyumyc
5288,Yumyumyo
5289,yuuhi2
5290,yuujiowned
5291,z24561
5292,zac_83
5293,zach115__
5294,Zachcvh
5295,Zachsteinberg
5296,zack7858
5297,ZackPierce65
5298,zackza
5299,ZadyZee
5300,Zaki51118
5301,zalmoksis84
5302,zamp7
5303,zanywinger
5304,zap2467
5305,Zaryza
5306,Zaubern
5307,zbeta
5308,zcc99
5309,zdiddy456
5310,zdthib
5311,ZeBeowulf
5312,ZeClassicMan
5313,Zeekgreymon
5314,ZeeRawk
5315,ZeIdoon
5316,Zeldcon
5317,zellisgoatbond
5318,Zelsoft
5319,zenda5-o
5320,Zeniha
5321,Zenith8
5322,ZenonGamer
5323,zenrps
5324,zenyattagaming
5325,Zephyrgirl89
5326,zerkeruk
5327,zero1149
5328,ZeroBlueOX
5329,zeroen
5330,Zeroquake
5331,ZeroWolfGiven
5332,ZestyHairball
5333,Zeustheguitarlord
5334,zevalhua
5335,zezak2
5336,zgranowitz
5337,Zhaetur
5338,zhangseller
5339,Zhargrzy
5340,zHcWcGbK
5341,ZheSh
5342,zhinny
5343,zhurkulis
5344,zI_Recoil_Iz
5345,zigzagz12345
5346,ziko-evol
5347,zio1221
5348,Ziranthur
5349,zivn
5350,Zman9596
5351,znajderw0w
5352,znajdew0w
5353,zohar1999
5354,Zombiecrusher
5355,zomne
5356,zopab4
5357,zostrongk
5358,Zottes
5359,zoump187
5360,Zpearo
5361,zpg_lol
5362,ZRadacg
5363,Zruid
5364,zsanta_
5365,zucchini87
5366,Zudssssssssssssssss1
5367,Zumzod
5368,zxzx3
5369,Zybux
5370,Zylicx
5371,Zytreq
5372,zzshorty123
5373,zztop225
5374,ZzZzZzZzzaz
